{
  "scores": [
    0.9725623582766441,
    0.9834467120181406,
    0.9031746031746031,
    0.8581484641638225,
    0.9392064846416383
  ],
  "mean": 0.9313077244549696,
  "std": 0.04610110438521635,
  "best_params": {
    "learning_rate": 0.0744544019004262,
    "max_depth": 3,
    "n_estimators": 136
  }
}