{
  "scores": [
    0.9916839916839917,
    0.9997578692493947,
    0.9992736077481841,
    0.9997578692493946,
    0.9865617433414043
  ],
  "mean": 0.9954070162544738,
  "std": 0.005383495856878684,
  "best_params": {
    "learning_rate": 0.27419191239571855,
    "max_depth": 7,
    "n_estimators": 700
  }
}