{
  "scores": [
    0.9826038159371492,
    0.9809203142536476,
    0.9340628507295173,
    0.967452300785634,
    0.9443866943866943
  ],
  "mean": 0.9618851952185284,
  "std": 0.019508306178576445,
  "best_params": {
    "min_leaf_purity": 0.6474544451547729,
    "max_leaf_purity": 0.8163898305872199,
    "top_pair_fraction": 0.07044659397705412,
    "os_max_depth": 8,
    "learning_rate": 0.22112056972194882,
    "max_depth": 3,
    "n_estimators": 185
  }
}