{
  "scores": [
    0.9887766554433222,
    0.9865319865319866,
    0.9685746352413019,
    0.9722222222222222,
    0.9030665280665281
  ],
  "mean": 0.9638344055010721,
  "std": 0.0313778781694178,
  "best_params": {
    "learning_rate": 0.10175000083606729,
    "max_depth": 3,
    "n_estimators": 137
  }
}