{
  "scores": [
    0.984927234927235,
    1.0,
    0.9995157384987893,
    0.9997578692493947,
    0.9937046004842616
  ],
  "mean": 0.9955810886319361,
  "std": 0.005822019410985269,
  "best_params": {
    "min_leaf_purity": 0.7415381673728462,
    "max_leaf_purity": 0.9909720912665223,
    "top_pair_fraction": 0.056750119641522004,
    "os_max_depth": 7,
    "learning_rate": 0.2974317556054834,
    "max_depth": 8,
    "n_estimators": 649
  }
}