{
  "scores": [
    0.9783950617283951,
    0.9800785634118968,
    0.9559483726150393,
    0.9708193041526375,
    0.920997920997921
  ],
  "mean": 0.961247844581178,
  "std": 0.021855784668967645,
  "best_params": {
    "learning_rate": 0.209073652351006,
    "max_depth": 6,
    "n_estimators": 400
  }
}