{
  "scores": [
    0.9953222453222453,
    1.0,
    0.9995157384987894,
    0.9992736077481841,
    0.9939467312348668
  ],
  "mean": 0.9976116645608171,
  "std": 0.00248051912401262,
  "best_params": {
    "learning_rate": 0.022719831576805363,
    "max_depth": 3,
    "n_estimators": 243
  }
}