{
  "scores": [
    0.9870931537598204,
    0.9831649831649831,
    0.9587542087542087,
    0.9705387205387205,
    0.9397089397089398
  ],
  "mean": 0.9678520011853345,
  "std": 0.01724372098342775,
  "best_params": {
    "learning_rate": 0.28821741092773795,
    "max_depth": 10,
    "n_estimators": 917
  }
}