{
  "scores": [
    0.9757369614512472,
    0.9770975056689343,
    0.9303854875283446,
    0.8907849829351536,
    0.925981228668942
  ],
  "mean": 0.9399972332505243,
  "std": 0.03275496300331679,
  "best_params": {
    "min_leaf_purity": 0.5294397189697356,
    "max_leaf_purity": 0.9449146221621932,
    "top_pair_fraction": 0.057512656550812474,
    "os_max_depth": 4,
    "learning_rate": 0.1555873734367572,
    "max_depth": 9,
    "n_estimators": 303
  }
}