{
  "scores": [
    0.9712018140589569,
    0.9841269841269842,
    0.8873015873015873,
    0.854735494880546,
    0.9411262798634812
  ],
  "mean": 0.9276984320463111,
  "std": 0.04942171202749904,
  "best_params": {
    "learning_rate": 0.21550994085354153,
    "max_depth": 8,
    "n_estimators": 853
  }
}