{
  "scores": [
    0.9856902356902357,
    0.9831649831649832,
    0.9514590347923682,
    0.9722222222222221,
    0.9100831600831601
  ],
  "mean": 0.9605239271905939,
  "std": 0.027961594612465772,
  "best_params": {
    "learning_rate": 0.12716022675685318,
    "max_depth": 3,
    "n_estimators": 983
  }
}