{
  "scores": [
    0.9766439909297052,
    0.9857142857142857,
    0.9299319727891157,
    0.8675341296928328,
    0.9502986348122866
  ],
  "mean": 0.9420246027876452,
  "std": 0.042120807963941236,
  "best_params": {
    "learning_rate": 0.04504152051478194,
    "max_depth": 3,
    "n_estimators": 252
  }
}