{
  "scores": [
    0.9922037422037422,
    0.9999999999999999,
    0.9997578692493947,
    1.0,
    0.9878934624697336
  ],
  "mean": 0.9959710147845741,
  "std": 0.005024836406635426,
  "best_params": {
    "learning_rate": 0.29801611713677845,
    "max_depth": 3,
    "n_estimators": 691
  }
}