{
  "scores": [
    0.9932432432432432,
    1.0,
    0.9997578692493947,
    1.0,
    0.9883777239709444
  ],
  "mean": 0.9962757672927165,
  "std": 0.004721019868120146,
  "best_params": {
    "learning_rate": 0.25533463398790435,
    "max_depth": 3,
    "n_estimators": 664
  }
}