{
  "scores": [
    0.9877858627858628,
    1.0,
    0.9997578692493947,
    1.0,
    0.9932203389830508
  ],
  "mean": 0.9961528142036616,
  "std": 0.004923482221622483,
  "best_params": {
    "learning_rate": 0.29939470848009575,
    "max_depth": 3,
    "n_estimators": 882
  }
}