{
  "scores": [
    0.9732426303854875,
    0.9766439909297052,
    0.9179138321995466,
    0.8596416382252559,
    0.9383532423208192
  ],
  "mean": 0.9331590668121628,
  "std": 0.04280616693394677,
  "best_params": {
    "learning_rate": 0.29431990817914133,
    "max_depth": 10,
    "n_estimators": 809
  }
}