{
  "scores": [
    0.9764172335600907,
    0.9857142857142858,
    0.9072562358276643,
    0.8786262798634812,
    0.9588310580204777
  ],
  "mean": 0.9413690185972001,
  "std": 0.04147321092146113,
  "best_params": {
    "learning_rate": 0.27480855172534147,
    "max_depth": 3,
    "n_estimators": 938
  }
}