{
  "scores": [
    0.9848484848484849,
    0.9851290684624019,
    0.957351290684624,
    0.9632435465768799,
    0.895010395010395
  ],
  "mean": 0.9571165571165572,
  "std": 0.03301069850482329,
  "best_params": {
    "learning_rate": 0.17384664001111774,
    "max_depth": 3,
    "n_estimators": 914
  }
}