{
  "scores": [
    0.9924636174636176,
    1.0,
    0.999273607748184,
    1.0,
    0.9961259079903148
  ],
  "mean": 0.9975726266404232,
  "std": 0.002928227764494466,
  "best_params": {
    "learning_rate": 0.01616761159936368,
    "max_depth": 3,
    "n_estimators": 343
  }
}