{
  "scores": [
    0.9879349046015713,
    0.9868125701459035,
    0.9537037037037037,
    0.9781144781144782,
    0.9007276507276508
  ],
  "mean": 0.9614586614586615,
  "std": 0.03277079004036057,
  "best_params": {
    "learning_rate": 0.14203167715582396,
    "max_depth": 3,
    "n_estimators": 714
  }
}