{
  "scores": [
    0.9802721088435373,
    0.9839002267573697,
    0.9052154195011338,
    0.8747866894197952,
    0.9464590443686007
  ],
  "mean": 0.9381266977780875,
  "std": 0.04251114800954917,
  "best_params": {
    "learning_rate": 0.0571968479160603,
    "max_depth": 3,
    "n_estimators": 281
  }
}