{
  "scores": [
    0.9032879818594104,
    0.9235827664399093,
    0.7612244897959185,
    0.8133532423208192,
    0.898037542662116
  ],
  "mean": 0.8598972046156346,
  "std": 0.062122364406043955,
  "best_params": {
    "var_smoothing": 4.709236931400791e-10
  }
}