{
  "scores": [
    0.7650112233445568,
    0.7690796857463524,
    0.7906846240179572,
    0.8843995510662177,
    0.7814449064449065
  ],
  "mean": 0.798123998123998,
  "std": 0.04408409091021198,
  "best_params": {
    "var_smoothing": 1.016785462161357e-08
  }
}