{
  "scores": [
    0.8574829931972789,
    0.8700680272108844,
    0.7015873015873016,
    0.7907423208191127,
    0.872546928327645
  ],
  "mean": 0.8184855142284444,
  "std": 0.06563394305563997,
  "best_params": {
    "var_smoothing": 1.2236298754669844e-11
  }
}