{
  "scores": [
    0.8547619047619048,
    0.8704081632653062,
    0.6741496598639456,
    0.7605588737201365,
    0.8765998293515358
  ],
  "mean": 0.8072956861925658,
  "std": 0.07867844036801074,
  "best_params": {
    "var_smoothing": 2.454446374457327e-09
  }
}