{
  "scores": [
    0.8006453423120089,
    0.7985409652076318,
    0.7861952861952861,
    0.882996632996633,
    0.7776767151767152
  ],
  "mean": 0.8092109883776551,
  "std": 0.037830342245525284,
  "best_params": {
    "var_smoothing": 3.147398934512178e-08
  }
}