{
  "scores": [
    0.7595398428731762,
    0.8035914702581368,
    0.8308080808080808,
    0.9699775533108866,
    0.7416839916839917
  ],
  "mean": 0.8211201877868545,
  "std": 0.08082310883791549,
  "best_params": {
    "min_leaf_purity": 0.7608919921483325,
    "max_leaf_purity": 0.9109115318861228,
    "top_pair_fraction": 0.09052191019072515,
    "os_max_depth": 4,
    "var_smoothing": 6.984846499499714e-09
  }
}