{
  "scores": [
    0.7672558922558923,
    0.7297979797979798,
    0.7657126823793491,
    0.8531144781144782,
    0.6759355509355509
  ],
  "mean": 0.7583633166966501,
  "std": 0.057829384756442545,
  "best_params": {
    "var_smoothing": 1.0205951790357448e-11
  }
}