{
  "scores": [
    0.8659863945578232,
    0.871655328798186,
    0.6476190476190475,
    0.7326151877133107,
    0.8513225255972696
  ],
  "mean": 0.7938396968571274,
  "std": 0.08909950947898342,
  "best_params": {
    "var_smoothing": 3.797593793125425e-11
  }
}