{
  "scores": [
    0.8846153846153846,
    1.0,
    0.962590799031477,
    0.9642857142857143,
    0.9642857142857143
  ],
  "mean": 0.955155522443658,
  "std": 0.03797088978735143,
  "best_params": {
    "var_smoothing": 1.4832358071664482e-11
  }
}