{
  "scores": [
    0.9615384615384616,
    1.0,
    0.962590799031477,
    0.9642857142857143,
    0.9642857142857143
  ],
  "mean": 0.9705401378282735,
  "std": 0.014767134252856072,
  "best_params": {
    "var_smoothing": 1.0272525644444271e-09
  }
}