{
  "scores": [
    0.7697811447811448,
    0.7306397306397306,
    0.8086419753086419,
    0.8908529741863076,
    0.6750259875259875
  ],
  "mean": 0.7749883624883626,
  "std": 0.07286091760469006,
  "best_params": {
    "var_smoothing": 8.64342714737673e-11
  }
}