{
  "scores": [
    0.6870089786756454,
    0.6893939393939394,
    0.8106060606060606,
    0.8526936026936026,
    0.6408523908523909
  ],
  "mean": 0.7361109944443278,
  "std": 0.08100458279882633,
  "best_params": {
    "var_smoothing": 4.151088490961294e-08
  }
}