{
  "scores": [
    0.9615384615384616,
    1.0,
    0.9983050847457627,
    0.9642857142857143,
    0.9642857142857143
  ],
  "mean": 0.9776829949711306,
  "std": 0.01756667025601491,
  "best_params": {
    "min_leaf_purity": 0.6392278847087183,
    "max_leaf_purity": 0.7976714785378619,
    "top_pair_fraction": 0.09524770540353467,
    "os_max_depth": 4,
    "var_smoothing": 6.124599241635009e-09
  }
}