{
  "scores": [
    0.85702947845805,
    0.8700680272108844,
    0.6775510204081632,
    0.7909556313993175,
    0.876919795221843
  ],
  "mean": 0.8145047905396516,
  "std": 0.07496953142559175,
  "best_params": {
    "var_smoothing": 1.9405388305401652e-08
  }
}