{
  "scores": [
    0.916780045351474,
    0.9324263038548752,
    0.7609977324263039,
    0.815806313993174,
    0.879372866894198
  ],
  "mean": 0.861076652504005,
  "std": 0.06417723268640713,
  "best_params": {
    "min_leaf_purity": 0.7779182315651489,
    "max_leaf_purity": 0.923295814985129,
    "top_pair_fraction": 0.0998978517113261,
    "os_max_depth": 6,
    "var_smoothing": 5.997973277388439e-10
  }
}