{
  "scores": [
    0.8076923076923077,
    1.0,
    0.962590799031477,
    0.8928571428571428,
    0.9642857142857143
  ],
  "mean": 0.9254851927733283,
  "std": 0.06837326436333072,
  "best_params": {
    "var_smoothing": 5.591596036184901e-08
  }
}