{
  "scores": [
    0.7697811447811448,
    0.7306397306397306,
    0.8069584736251403,
    0.8526936026936026,
    0.6750259875259875
  ],
  "mean": 0.7670197878531211,
  "std": 0.06120309489573093,
  "best_params": {
    "var_smoothing": 1.437026727100605e-11
  }
}