{
  "scores": [
    0.9105442176870748,
    0.8704081632653062,
    0.7396825396825396,
    0.7910622866894198,
    0.8700938566552902
  ],
  "mean": 0.8363582127959261,
  "std": 0.06196605975702355,
  "best_params": {
    "var_smoothing": 1.382404077851477e-10
  }
}