{
  "scores": [
    1.0,
    1.0,
    0.9990314769975788,
    1.0,
    0.9953995157384988
  ],
  "mean": 0.9988861985472155,
  "std": 0.0017832399650868588,
  "best_params": {
    "C": 0.0001886399000064409
  }
}