{
  "scores": [
    0.9024943310657596,
    0.9698412698412698,
    0.7900226757369615,
    0.9194752559726962,
    0.8973976109215017
  ],
  "mean": 0.8958462287076377,
  "std": 0.05878575585451949,
  "best_params": {
    "C": 0.0004854904872410997
  }
}