{
  "scores": [
    0.7795918367346939,
    0.8914965986394557,
    0.66156462585034,
    0.5920435153583617,
    0.6494240614334471
  ],
  "mean": 0.7148241276032598,
  "std": 0.10732831881044881,
  "best_params": {
    "C": 0.0005014718378824982
  }
}