{
  "scores": [
    0.6616161616161617,
    0.7432659932659932,
    0.619949494949495,
    0.6565656565656565,
    0.6487785862785863
  ],
  "mean": 0.6660351785351785,
  "std": 0.04122008857030089,
  "best_params": {
    "C": 0.00048652916933424143
  }
}