{
  "scores": [
    0.8215488215488215,
    0.7449494949494949,
    0.7781986531986532,
    0.6565656565656565,
    0.6035602910602911
  ],
  "mean": 0.7209645834645835,
  "std": 0.07987389226641707,
  "best_params": {
    "C": 0.02287335407686023
  }
}