{
  "scores": [
    0.9424036281179138,
    0.9582766439909297,
    0.8505668934240365,
    0.8568686006825937,
    0.8939846416382253
  ],
  "mean": 0.9004200815707399,
  "std": 0.04366574570261273,
  "best_params": {
    "C": 0.00010322222572021259
  }
}