{
  "scores": [
    0.7846938775510204,
    0.6863945578231292,
    0.5581632653061224,
    0.6704351535836177,
    0.6511305460750852
  ],
  "mean": 0.670163480067795,
  "std": 0.07250797793663279,
  "best_params": {
    "C": 0.07247262675326158
  }
}