{
  "scores": [
    0.9471655328798186,
    0.9662131519274376,
    0.8489795918367348,
    0.8743600682593857,
    0.8916382252559727
  ],
  "mean": 0.90567131403187,
  "std": 0.04422297455269639,
  "best_params": {
    "C": 0.00012040867852526713
  }
}