{
  "scores": [
    1.0,
    1.0,
    0.9980629539951574,
    1.0,
    0.9973365617433414
  ],
  "mean": 0.9990799031476998,
  "std": 0.0011500573449915593,
  "best_params": {
    "C": 0.00027345279164946737
  }
}