{
  "scores": [
    0.9357463524130192,
    0.9761503928170595,
    0.9023569023569025,
    0.9475308641975309,
    0.9438669438669438
  ],
  "mean": 0.9411302911302911,
  "std": 0.0236948374082853,
  "best_params": {
    "C": 0.000767169824648538
  }
}