{
  "scores": [
    1.0,
    1.0,
    0.9990314769975788,
    1.0,
    0.9951573849878934
  ],
  "mean": 0.9988377723970945,
  "std": 0.001878035780112885,
  "best_params": {
    "C": 0.00018396648911277516
  }
}