{
  "scores": [
    0.97334455667789,
    0.9744668911335578,
    0.9001122334455668,
    0.9595959595959597,
    0.9511434511434511
  ],
  "mean": 0.951732618399285,
  "std": 0.027242490446048633,
  "best_params": {
    "C": 0.00032445863068477704
  }
}