{
  "scores": [
    0.9994802494802495,
    1.0,
    0.998547215496368,
    1.0,
    0.9886198547215497
  ],
  "mean": 0.9973294639396334,
  "std": 0.004387017568390139,
  "best_params": {
    "C": 0.03732888634032374
  }
}