{
  "scores": [
    0.7530612244897958,
    0.8265306122448979,
    0.5931972789115646,
    0.5886305460750854,
    0.6545435153583617
  ],
  "mean": 0.683192635415941,
  "std": 0.0930476440900264,
  "best_params": {
    "C": 1.2578298338826843
  }
}