{
  "scores": [
    0.9660493827160495,
    0.9769921436588103,
    0.9012345679012346,
    0.9604377104377104,
    0.9604989604989604
  ],
  "mean": 0.953042553042553,
  "std": 0.026597421673161693,
  "best_params": {
    "C": 0.0007543919903782097
  }
}