{
  "scores": [
    0.7180272108843537,
    0.688095238095238,
    0.5914965986394557,
    0.5869240614334471,
    0.6164675767918089
  ],
  "mean": 0.6402021371688607,
  "std": 0.053149982895511504,
  "best_params": {
    "C": 0.08956422833425802
  }
}