{
  "scores": [
    0.6616161616161617,
    0.7432659932659932,
    0.619949494949495,
    0.6582491582491582,
    0.6487785862785863
  ],
  "mean": 0.6663718788718789,
  "std": 0.04114817599528961,
  "best_params": {
    "C": 0.00047307933935106364
  }
}