{
  "scores": [
    0.7496598639455782,
    0.6479591836734694,
    0.5581632653061224,
    0.640891638225256,
    0.6511305460750852
  ],
  "mean": 0.6495608994451023,
  "std": 0.060751157345888325,
  "best_params": {
    "C": 0.07333049584386013
  }
}