{
  "scores": [
    0.9615384615384616,
    0.9608958837772397,
    0.9983050847457627,
    1.0,
    0.9642857142857143
  ],
  "mean": 0.9770050288694356,
  "std": 0.018127113955148995,
  "best_params": {
    "C": 0.07887859497977122
  }
}