{
  "scores": [
    0.9480725623582766,
    0.9675736961451247,
    0.8351473922902494,
    0.865401023890785,
    0.8948378839590444
  ],
  "mean": 0.902206511728696,
  "std": 0.04956294888107607,
  "best_params": {
    "C": 0.0001176593277362367
  }
}