{
  "scores": [
    0.8846153846153846,
    0.962590799031477,
    0.9983050847457627,
    0.9642857142857143,
    0.9642857142857143
  ],
  "mean": 0.9548165393928105,
  "std": 0.037574526925123336,
  "best_params": {
    "C": 0.2469401195900241
  }
}