{
  "scores": [
    0.9230769230769231,
    0.9983050847457627,
    0.9983050847457627,
    1.0,
    0.9642857142857143
  ],
  "mean": 0.9767945613708326,
  "std": 0.0300198385504421,
  "best_params": {
    "C": 0.0002688545422848539
  }
}