{
  "scores": [
    0.9727833894500562,
    0.9744668911335578,
    0.8992704826038159,
    0.9595959595959596,
    0.9511434511434511
  ],
  "mean": 0.9514520347853683,
  "std": 0.02747378178489155,
  "best_params": {
    "C": 0.0003249741698874099
  }
}