{
  "scores": [
    0.9332210998877666,
    0.9764309764309764,
    0.8922558922558922,
    0.9393939393939394,
    0.9516632016632016
  ],
  "mean": 0.9385930219263553,
  "std": 0.0274924316884597,
  "best_params": {
    "C": 0.0018554008861337882
  }
}