{
  "scores": [
    0.7314814814814816,
    0.6982323232323233,
    0.6132154882154882,
    0.6098484848484849,
    0.6035602910602911
  ],
  "mean": 0.6512676137676138,
  "std": 0.05306495198919386,
  "best_params": {
    "C": 0.017273605799284688
  }
}