{
  "scores": [
    0.6498316498316498,
    0.7348484848484849,
    0.7781986531986532,
    0.6081649831649832,
    0.5283264033264032
  ],
  "mean": 0.6598740348740348,
  "std": 0.0891081795823686,
  "best_params": {
    "C": 9.858902562489344
  }
}