{
  "scores": [
    0.7479591836734693,
    0.8598639455782313,
    0.5914965986394557,
    0.6147610921501706,
    0.6857935153583617
  ],
  "mean": 0.6999748670799377,
  "std": 0.09705363976715049,
  "best_params": {
    "C": 0.0005022850631778417
  }
}