{
  "scores": [
    0.6914983164983166,
    0.7449494949494949,
    0.7382154882154881,
    0.6515151515151515,
    0.6069386694386695
  ],
  "mean": 0.686623424123424,
  "std": 0.052287067474970444,
  "best_params": {
    "C": 0.26928771544479113
  }
}