{
  "scores": [
    0.9472502805836139,
    0.9682940516273849,
    0.9012345679012346,
    0.9534231200897867,
    0.9555613305613305
  ],
  "mean": 0.9451526701526701,
  "std": 0.02300201628166971,
  "best_params": {
    "C": 0.0013690344980379619
  }
}