{
  "scores": [
    1.0,
    1.0,
    0.9990314769975788,
    1.0,
    0.9970944309927361
  ],
  "mean": 0.9992251815980631,
  "std": 0.0011294822072339485,
  "best_params": {
    "C": 0.00041729578476181037
  }
}