{
  "scores": [
    0.9230769230769231,
    0.962590799031477,
    0.9983050847457627,
    0.9642857142857143,
    0.9642857142857143
  ],
  "mean": 0.9625088470851184,
  "std": 0.023843525292473168,
  "best_params": {
    "C": 0.0003182960522834889
  }
}