{
  "scores": [
    0.6982323232323233,
    0.6982323232323233,
    0.6914983164983166,
    0.7432659932659932,
    0.6454002079002079
  ],
  "mean": 0.6953258328258329,
  "std": 0.031055988992289205,
  "best_params": {
    "C": 2.4678369041500026
  }
}