{
  "scores": [
    0.9727833894500562,
    0.9744668911335578,
    0.8998316498316499,
    0.9595959595959597,
    0.9511434511434511
  ],
  "mean": 0.951564268230935,
  "std": 0.027260705056112118,
  "best_params": {
    "C": 0.00032535064407475904
  }
}