{
  "scores": [
    0.9783950617283951,
    0.9668911335578002,
    0.909652076318743,
    0.9447250280583614,
    0.9428274428274428
  ],
  "mean": 0.9484981484981485,
  "std": 0.023611598779099893,
  "best_params": {
    "C": 0.013119458459982239
  }
}