{
  "scores": [
    0.6931818181818182,
    0.7015993265993267,
    0.7765151515151516,
    0.6565656565656565,
    0.6069386694386695
  ],
  "mean": 0.6869601244601246,
  "std": 0.0558576324689907,
  "best_params": {
    "C": 1.2976687608383233
  }
}