{
  "scores": [
    0.9719416386083053,
    0.97334455667789,
    0.9177890011223344,
    0.9304152637485972,
    0.9412681912681913
  ],
  "mean": 0.9469517302850636,
  "std": 0.022258925924188603,
  "best_params": {
    "C": 0.2640049292516091
  }
}