{
  "scores": [
    0.998960498960499,
    0.9990314769975787,
    0.998547215496368,
    1.0,
    0.9556900726392252
  ],
  "mean": 0.9904458528187343,
  "std": 0.017384419478038517,
  "best_params": {
    "C": 0.054776249087484255
  }
}