{
  "scores": [
    0.9744668911335578,
    0.9823232323232324,
    0.9340628507295174,
    0.9750280583613917,
    0.9597193347193348
  ],
  "mean": 0.9651200734534069,
  "std": 0.017176722056191474,
  "best_params": {
    "C": 0.032845699917277454
  }
}