{
  "scores": [
    0.9741863075196409,
    0.9800785634118967,
    0.9385521885521886,
    0.9758698092031426,
    0.9591995841995842
  ],
  "mean": 0.9655772905772906,
  "std": 0.015240533483499054,
  "best_params": {
    "C": 0.035917482685546995
  }
}