{
  "scores": [
    0.9736251402918069,
    0.9806397306397306,
    0.9388327721661054,
    0.9755892255892256,
    0.9617983367983367
  ],
  "mean": 0.9660970410970411,
  "std": 0.014967183315781486,
  "best_params": {
    "C": 0.04012287803618354
  }
}