{
  "scores": [
    0.9369614512471656,
    0.9698412698412698,
    0.8732426303854876,
    0.8773464163822525,
    0.9014505119453925
  ],
  "mean": 0.9117684559603136,
  "std": 0.03683127675551337,
  "best_params": {
    "C": 0.009524779672363077
  }
}