{
  "scores": [
    0.9761503928170595,
    0.9803591470258137,
    0.9438832772166106,
    0.9750280583613917,
    0.9620582120582121
  ],
  "mean": 0.9674958174958175,
  "std": 0.013298279470499903,
  "best_params": {
    "C": 0.034145804792310844
  }
}