{
  "scores": [
    0.9868125701459035,
    0.9800785634118968,
    0.9329405162738497,
    0.9730639730639731,
    0.9516632016632017
  ],
  "mean": 0.9649117649117651,
  "std": 0.01986867238656263,
  "best_params": {
    "C": 0.03738189279380139
  }
}