{
  "scores": [
    0.9510204081632653,
    0.9777777777777777,
    0.8494331065759637,
    0.8639078498293515,
    0.9419795221843004
  ],
  "mean": 0.9168237329061318,
  "std": 0.05071332984143699,
  "best_params": {
    "C": 0.08370245274148788
  }
}