{
  "scores": [
    0.9541950113378685,
    0.9791383219954649,
    0.8596371882086168,
    0.892278156996587,
    0.909556313993174
  ],
  "mean": 0.9189609985063424,
  "std": 0.04285436386785863,
  "best_params": {
    "C": 0.10194581426269414
  }
}