{
  "scores": [
    0.9994802494802495,
    0.9987893462469734,
    0.9980629539951574,
    0.9995157384987894,
    0.9460048426150122
  ],
  "mean": 0.9883706261672364,
  "std": 0.02118956262813227,
  "best_params": {
    "C": 0.0013648138609928862
  }
}