{
  "scores": [
    1.0,
    0.9992736077481841,
    0.9987893462469735,
    1.0,
    0.9486682808716708
  ],
  "mean": 0.9893462469733656,
  "std": 0.0203441709053001,
  "best_params": {
    "C": 99.69223423438036
  }
}