{
  "scores": [
    1.0,
    0.9995157384987894,
    0.9980629539951574,
    1.0,
    0.9639225181598063
  ],
  "mean": 0.9923002421307506,
  "std": 0.014206618148810763,
  "best_params": {
    "C": 59.92986878674682
  }
}