{
  "scores": [
    0.9987006237006237,
    0.9995157384987894,
    0.9980629539951574,
    0.9997578692493947,
    0.9588377723970944
  ],
  "mean": 0.990974991568212,
  "std": 0.01607985545804671,
  "best_params": {
    "C": 0.004980136367818179
  }
}