{
  "scores": [
    0.9989604989604989,
    0.9990314769975787,
    0.9980629539951574,
    1.0,
    0.9624697336561743
  ],
  "mean": 0.9917049327218818,
  "std": 0.014630454077288137,
  "best_params": {
    "C": 39.57163243462933
  }
}