{
  "scores": [
    0.9994802494802495,
    0.9992736077481841,
    0.998547215496368,
    0.9995157384987894,
    0.9433414043583536
  ],
  "mean": 0.9880316431163889,
  "std": 0.02234784779766508,
  "best_params": {
    "C": 0.001549585376647536
  }
}