{
  "scores": [
    0.9621315192743765,
    0.9816326530612245,
    0.8571428571428572,
    0.9084897610921502,
    0.9522184300341296
  ],
  "mean": 0.9323230441209477,
  "std": 0.04457778594645871,
  "best_params": {
    "C": 0.0667580763663089
  }
}