{
  "scores": [
    0.9512471655328798,
    0.9764172335600907,
    0.8489795918367347,
    0.8907849829351536,
    0.91339590443686
  ],
  "mean": 0.9161649756603438,
  "std": 0.04478120635705874,
  "best_params": {
    "C": 0.07145070768633607
  }
}