{
  "scores": [
    0.9351473922902495,
    0.9698412698412698,
    0.8485260770975056,
    0.8854522184300342,
    0.9163822525597269
  ],
  "mean": 0.9110698420437572,
  "std": 0.04154519474015529,
  "best_params": {
    "C": 0.11236909100186868
  }
}