{
  "scores": [
    0.9828843995510662,
    0.9797979797979799,
    0.9461279461279462,
    0.973063973063973,
    0.954002079002079
  ],
  "mean": 0.9671752755086087,
  "std": 0.014541727413994024,
  "best_params": {
    "C": 0.03550370429432517
  }
}