{
  "scores": [
    0.9994802494802495,
    0.9992736077481841,
    0.9992736077481841,
    1.0,
    0.9714285714285714
  ],
  "mean": 0.9938912072810379,
  "std": 0.011234457888174183,
  "best_params": {
    "C": 0.007761421027753361
  }
}