{
  "scores": [
    0.9783950617283951,
    0.9812008978675646,
    0.8942199775533108,
    0.9739057239057238,
    0.9558212058212059
  ],
  "mean": 0.95670857337524,
  "std": 0.03247008392803859,
  "best_params": {
    "C": 0.05752832000035989
  }
}