{
  "scores": [
    0.9744668911335578,
    0.9812008978675646,
    0.9340628507295173,
    0.957631874298541,
    0.9469854469854471
  ],
  "mean": 0.9588695922029256,
  "std": 0.01732109824640749,
  "best_params": {
    "C": 0.03264852577193507
  }
}