{
  "scores": [
    0.9831649831649831,
    0.9817620650953984,
    0.9222783389450055,
    0.9618406285072951,
    0.9391891891891893
  ],
  "mean": 0.9576470409803743,
  "std": 0.023840819256742123,
  "best_params": {
    "C": 0.026878747151067257
  }
}