{
  "scores": [
    0.9989604989604989,
    0.9995157384987894,
    0.9990314769975788,
    1.0,
    0.9467312348668281
  ],
  "mean": 0.9888477898647391,
  "std": 0.021061602468600726,
  "best_params": {
    "C": 0.26393836463455317
  }
}