{
  "scores": [
    0.9812008978675646,
    0.9820426487093153,
    0.9130190796857464,
    0.9601571268237935,
    0.9443866943866944
  ],
  "mean": 0.9561612894946228,
  "std": 0.025739793376716166,
  "best_params": {
    "C": 0.03253323591619902
  }
}