{
  "scores": [
    0.9992203742203742,
    0.9995157384987894,
    0.9992736077481841,
    0.9997578692493947,
    0.9467312348668281
  ],
  "mean": 0.9888997649167142,
  "std": 0.021085131457278965,
  "best_params": {
    "C": 0.059646651455754325
  }
}