{
  "scores": [
    0.984006734006734,
    0.9806397306397306,
    0.8964646464646464,
    0.9719416386083053,
    0.9568607068607069
  ],
  "mean": 0.9579826913160245,
  "std": 0.03215951843497241,
  "best_params": {
    "C": 0.054995392965985664
  }
}