{
  "scores": [
    0.9989604989604989,
    0.9987893462469735,
    0.9983050847457627,
    1.0,
    0.962227602905569
  ],
  "mean": 0.9916565065717607,
  "std": 0.0147248331193526,
  "best_params": {
    "C": 0.7494107862239654
  }
}