{
  "scores": [
    0.9994802494802495,
    0.9990314769975787,
    0.9978208232445521,
    1.0,
    0.9697336561743342
  ],
  "mean": 0.9932132411793428,
  "std": 0.011761871287045015,
  "best_params": {
    "C": 0.008555899642670213
  }
}