{
  "scores": [
    0.9994802494802495,
    0.9995157384987894,
    0.9987893462469735,
    1.0,
    0.9677966101694915
  ],
  "mean": 0.9931163888791008,
  "std": 0.012665765974238703,
  "best_params": {
    "C": 0.009478739017114645
  }
}