{
  "scores": [
    0.978675645342312,
    0.9826038159371493,
    0.93013468013468,
    0.9685746352413019,
    0.9449064449064448
  ],
  "mean": 0.9609790443123776,
  "std": 0.020239548861502754,
  "best_params": {
    "C": 0.023952788742767368
  }
}