{
  "scores": [
    0.9992203742203742,
    0.998547215496368,
    0.998547215496368,
    1.0,
    0.9401937046004842
  ],
  "mean": 0.9873017019627189,
  "std": 0.023560085255279955,
  "best_params": {
    "min_leaf_purity": 0.7701821810421084,
    "max_leaf_purity": 0.9140772339180752,
    "top_pair_fraction": 0.09785953801010246,
    "os_max_depth": 9,
    "C": 0.00260662937723482
  }
}