{
  "scores": [
    0.9968814968814969,
    0.9992736077481841,
    0.998547215496368,
    1.0,
    0.9421307506053269
  ],
  "mean": 0.9873666141462752,
  "std": 0.022641559686006636,
  "best_params": {
    "C": 15.704186604588108
  }
}