{
  "scores": [
    0.9755892255892256,
    0.9814814814814815,
    0.8894500561167228,
    0.9716610549943884,
    0.9542619542619544
  ],
  "mean": 0.9544887544887546,
  "std": 0.03376035787752404,
  "best_params": {
    "C": 0.03870445134091005
  }
}