{
  "scores": [
    0.9719416386083052,
    0.9820426487093153,
    0.9234006734006734,
    0.9696969696969697,
    0.9506237006237006
  ],
  "mean": 0.9595411262077927,
  "std": 0.020731064554479043,
  "best_params": {
    "C": 0.04920909926145035
  }
}