{
  "scores": [
    0.924716553287982,
    0.9634920634920634,
    0.8616780045351473,
    0.8679607508532422,
    0.9234215017064847
  ],
  "mean": 0.9082537747749839,
  "std": 0.038328009881078186,
  "best_params": {
    "min_leaf_purity": 0.7194373513914537,
    "max_leaf_purity": 0.8200252284539948,
    "top_pair_fraction": 0.07197190255370407,
    "os_max_depth": 5,
    "C": 0.12033800031105657
  }
}