{
  "scores": [
    0.9971413721413722,
    0.9995157384987894,
    0.9990314769975788,
    1.0,
    0.9600484261501211
  ],
  "mean": 0.9911474027575723,
  "std": 0.015579667279123978,
  "best_params": {
    "C": 0.07022614074958593
  }
}