{
  "scores": [
    0.9557823129251701,
    0.9770975056689343,
    0.8244897959183674,
    0.8737201365187715,
    0.903796928327645
  ],
  "mean": 0.9069773358717776,
  "std": 0.05517085198921995,
  "best_params": {
    "C": 0.021280207750454215
  }
}