{
  "scores": [
    0.946938775510204,
    0.9816326530612245,
    0.8777777777777779,
    0.8517491467576791,
    0.9174488054607508
  ],
  "mean": 0.9151094317135271,
  "std": 0.046587759915659804,
  "best_params": {
    "C": 0.03937518921620205
  }
}