{
  "scores": [
    0.9820426487093155,
    0.9823232323232324,
    0.9034792368125701,
    0.9699775533108866,
    0.9547817047817049
  ],
  "mean": 0.9585208751875418,
  "std": 0.029307490028221594,
  "best_params": {
    "C": 0.03337343785952309
  }
}