{
  "scores": [
    0.9879349046015713,
    0.9797979797979799,
    0.9349046015712682,
    0.9638047138047139,
    0.9407484407484408
  ],
  "mean": 0.9614381281047948,
  "std": 0.020865546913512598,
  "best_params": {
    "C": 0.05704756589811762
  }
}