{
  "scores": [
    0.9806397306397306,
    0.9823232323232324,
    0.8959034792368126,
    0.9713804713804715,
    0.9472453222453222
  ],
  "mean": 0.9554984471651139,
  "std": 0.03232202407035922,
  "best_params": {
    "C": 0.031448597570049794
  }
}