{
  "scores": [
    0.9455782312925171,
    0.9782312925170068,
    0.8521541950113379,
    0.867320819112628,
    0.9148890784982935
  ],
  "mean": 0.9116347232863568,
  "std": 0.047115837982352006,
  "best_params": {
    "C": 0.023498690241979696
  }
}