{
  "scores": [
    0.9117913832199547,
    0.9770975056689343,
    0.8462585034013606,
    0.8980375426621161,
    0.909556313993174
  ],
  "mean": 0.908548249789108,
  "std": 0.041715757356008736,
  "best_params": {
    "C": 0.018554265584616994
  }
}