{
  "scores": [
    0.9992203742203741,
    0.999273607748184,
    0.9980629539951574,
    1.0,
    0.9769975786924939
  ],
  "mean": 0.9947109029312419,
  "std": 0.008878358590177729,
  "best_params": {
    "C": 0.002544923953182066
  }
}