{
  "scores": [
    0.9744668911335579,
    0.9812008978675646,
    0.9388327721661055,
    0.9747474747474748,
    0.9560810810810811
  ],
  "mean": 0.9650658233991567,
  "std": 0.01556504832627489,
  "best_params": {
    "C": 0.035056291599131435
  }
}