{
  "scores": [
    0.9806397306397306,
    0.978956228956229,
    0.9388327721661055,
    0.9753086419753086,
    0.9477650727650728
  ],
  "mean": 0.9643004893004893,
  "std": 0.017464051956791918,
  "best_params": {
    "C": 0.023541768250754946
  }
}