{
  "scores": [
    0.9722222222222222,
    0.9882154882154882,
    0.8860830527497193,
    0.9511784511784511,
    0.9399688149688149
  ],
  "mean": 0.9475336058669391,
  "std": 0.03496062003468756,
  "best_params": {
    "min_leaf_purity": 0.7221289552653516,
    "max_leaf_purity": 0.9607050497576409,
    "top_pair_fraction": 0.08593382132340034,
    "os_max_depth": 4,
    "C": 0.03110191382962824
  }
}