{
  "scores": [
    0.9571428571428572,
    0.9780045351473923,
    0.8433106575963719,
    0.8946245733788396,
    0.8856655290102389
  ],
  "mean": 0.9117496304551398,
  "std": 0.04920934537040611,
  "best_params": {
    "C": 0.05820646020646284
  }
}