{
  "scores": [
    0.9510204081632654,
    0.9684807256235828,
    0.8752834467120182,
    0.8828924914675769,
    0.9210750853242321
  ],
  "mean": 0.919750431458135,
  "std": 0.03657875939179569,
  "best_params": {
    "C": 0.008820813296809608
  }
}