{
  "scores": [
    0.9767115600448933,
    0.9761503928170595,
    0.9009539842873177,
    0.9598765432098766,
    0.9573804573804574
  ],
  "mean": 0.9542145875479209,
  "std": 0.027806710189207936,
  "best_params": {
    "C": 0.10673658626906139
  }
}