{
  "scores": [
    0.978956228956229,
    0.9803591470258137,
    0.9273288439955106,
    0.9691358024691358,
    0.9498440748440748
  ],
  "mean": 0.9611248194581528,
  "std": 0.020107299803752778,
  "best_params": {
    "C": 0.0402617681587589
  }
}