{
  "scores": [
    0.998960498960499,
    0.9995157384987894,
    0.9987893462469735,
    1.0,
    0.9779661016949153
  ],
  "mean": 0.9950463370802354,
  "std": 0.008550784139807985,
  "best_params": {
    "C": 0.002534034541388899
  }
}