{
  "scores": [
    0.9795173961840629,
    0.9837261503928171,
    0.9180695847362513,
    0.9677328843995511,
    0.9475051975051976
  ],
  "mean": 0.959310242643576,
  "std": 0.024147701567337164,
  "best_params": {
    "C": 0.031217680928682878
  }
}