{
  "scores": [
    0.998960498960499,
    0.9987893462469735,
    0.9990314769975788,
    1.0,
    0.9564164648910412
  ],
  "mean": 0.9906395574192185,
  "std": 0.01711677182052953,
  "best_params": {
    "C": 0.0697941985555137
  }
}