{
  "scores": [
    0.9435374149659863,
    0.9780045351473923,
    0.8979591836734694,
    0.8897184300341296,
    0.8867320819112627
  ],
  "mean": 0.919190329146448,
  "std": 0.03584629298654838,
  "best_params": {
    "C": 0.07119920161477851
  }
}