{
  "scores": [
    0.9797979797979799,
    0.9823232323232324,
    0.9222783389450055,
    0.9685746352413018,
    0.95504158004158
  ],
  "mean": 0.9616031532698198,
  "std": 0.021901918702062945,
  "best_params": {
    "C": 0.05054015159299354
  }
}