{
  "scores": [
    0.9526077097505669,
    0.9655328798185941,
    0.8095238095238095,
    0.8888651877133106,
    0.9276877133105802
  ],
  "mean": 0.9088434600233724,
  "std": 0.05612063808031028,
  "best_params": {
    "C": 1.981530631276221
  }
}