{
  "scores": [
    0.9714285714285715,
    0.9777777777777776,
    0.9058956916099773,
    0.858575085324232,
    0.9050767918088738
  ],
  "mean": 0.9237507835898864,
  "std": 0.04496105309539151,
  "best_params": {
    "min_leaf_purity": 0.5067736610705332,
    "max_leaf_purity": 0.7406444646930583,
    "top_pair_fraction": 0.07780686179822385,
    "os_max_depth": 7,
    "n_estimators": 286,
    "max_depth": 13
  }
}