{
  "scores": [
    0.997920997920998,
    1.0,
    0.999273607748184,
    1.0,
    0.9917675544794189
  ],
  "mean": 0.9977924320297202,
  "std": 0.0031066468380008044,
  "best_params": {
    "n_estimators": 374,
    "max_depth": 9
  }
}