{
  "scores": [
    0.9719954648526077,
    0.9792517006802721,
    0.9148526077097505,
    0.8912116040955631,
    0.9067832764505119
  ],
  "mean": 0.932818930757741,
  "std": 0.03584024731334434,
  "best_params": {
    "n_estimators": 101,
    "max_depth": 19
  }
}