{
  "scores": [
    0.9988305613305613,
    1.0,
    0.9990314769975788,
    1.0,
    0.977360774818402
  ],
  "mean": 0.9950445626293085,
  "std": 0.008855036338227693,
  "best_params": {
    "n_estimators": 248,
    "max_depth": 6
  }
}