{
  "scores": [
    0.9966216216216216,
    1.0,
    0.9992736077481841,
    1.0,
    0.9780871670702179
  ],
  "mean": 0.9947964792880046,
  "std": 0.008446658441996047,
  "best_params": {
    "n_estimators": 473,
    "max_depth": 18
  }
}