{
  "scores": [
    0.972562358276644,
    0.9766439909297052,
    0.9188208616780046,
    0.903796928327645,
    0.9096629692832764
  ],
  "mean": 0.9362974216990552,
  "std": 0.03166732558554011,
  "best_params": {
    "n_estimators": 155,
    "max_depth": 15
  }
}