{
  "scores": [
    0.9719954648526078,
    0.9840136054421769,
    0.9087301587301587,
    0.8704138225255973,
    0.9241680887372015
  ],
  "mean": 0.9318642280575483,
  "std": 0.041714845780439935,
  "best_params": {
    "n_estimators": 314,
    "max_depth": 19
  }
}