{
  "scores": [
    0.9685746352413019,
    0.9472502805836139,
    0.9354657687991021,
    0.9632435465768799,
    0.8926715176715178
  ],
  "mean": 0.9414411497744831,
  "std": 0.027053645720768797,
  "best_params": {
    "n_estimators": 263,
    "max_depth": 5
  }
}