{
  "scores": [
    0.965628507295174,
    0.9775533108866442,
    0.9527216610549943,
    0.9702581369248036,
    0.9229469854469855
  ],
  "mean": 0.9578217203217203,
  "std": 0.019220841730284797,
  "best_params": {
    "n_estimators": 239,
    "max_depth": 13
  }
}