{
  "scores": [
    0.9719954648526078,
    0.9795918367346939,
    0.9023809523809523,
    0.9067832764505119,
    0.8937713310580203
  ],
  "mean": 0.9309045722953572,
  "std": 0.03696815543351778,
  "best_params": {
    "n_estimators": 539,
    "max_depth": 9
  }
}