{
  "scores": [
    0.967732884399551,
    0.9747474747474748,
    0.9466891133557801,
    0.9691358024691358,
    0.9170997920997921
  ],
  "mean": 0.9550810134143466,
  "std": 0.021247935407029284,
  "best_params": {
    "n_estimators": 481,
    "max_depth": 19
  }
}