{
  "scores": [
    0.9700680272108844,
    0.9784580498866213,
    0.9175736961451247,
    0.9003839590443686,
    0.9173421501706485
  ],
  "mean": 0.9367651764915295,
  "std": 0.031357727628960844,
  "best_params": {
    "n_estimators": 341,
    "max_depth": 14
  }
}