{
  "scores": [
    0.9948024948024948,
    1.0,
    0.9984261501210654,
    1.0,
    0.9927360774818402
  ],
  "mean": 0.9971929444810801,
  "std": 0.0029277237109348524,
  "best_params": {
    "n_estimators": 662,
    "max_depth": 14
  }
}