{
  "scores": [
    0.995841995841996,
    1.0,
    0.9987893462469734,
    1.0,
    0.9455205811138014
  ],
  "mean": 0.988030384640554,
  "std": 0.021309168468057006,
  "best_params": {
    "min_leaf_purity": 0.6122812439040226,
    "max_leaf_purity": 0.9974099620599503,
    "top_pair_fraction": 0.05050237919598329,
    "os_max_depth": 7,
    "n_estimators": 122,
    "max_depth": 9
  }
}