{
  "scores": [
    0.9981808731808731,
    1.0,
    0.9987893462469735,
    1.0,
    0.9815980629539952
  ],
  "mean": 0.9957136564763683,
  "std": 0.007092848340772737,
  "best_params": {
    "n_estimators": 112,
    "max_depth": 9
  }
}