{
  "scores": [
    0.9736961451247166,
    0.980498866213152,
    0.9146258503401361,
    0.901557167235495,
    0.9135025597269625
  ],
  "mean": 0.9367761177280925,
  "std": 0.03330896119438493,
  "best_params": {
    "n_estimators": 933,
    "max_depth": 18
  }
}