{
  "scores": [
    0.9675925925925926,
    0.9710998877665543,
    0.9514590347923683,
    0.9694163860830528,
    0.9189189189189191
  ],
  "mean": 0.9556973640306975,
  "std": 0.019685340868874697,
  "best_params": {
    "n_estimators": 232,
    "max_depth": 20
  }
}