{
  "scores": [
    0.9958419958419958,
    1.0,
    0.9992736077481841,
    1.0,
    0.9728813559322035
  ],
  "mean": 0.9935993919044768,
  "std": 0.010472808414125791,
  "best_params": {
    "n_estimators": 659,
    "max_depth": 17
  }
}