{
  "scores": [
    0.9744668911335578,
    0.9747474747474747,
    0.9548260381593715,
    0.9691358024691358,
    0.8972193347193349
  ],
  "mean": 0.9540791082457749,
  "std": 0.02933645805354702,
  "best_params": {
    "n_estimators": 752,
    "max_depth": 16
  }
}