{
  "scores": [
    0.9663299663299664,
    0.9718013468013469,
    0.9525813692480359,
    0.9733445566778901,
    0.8957900207900208
  ],
  "mean": 0.9519694519694519,
  "std": 0.029027319741990815,
  "best_params": {
    "n_estimators": 297,
    "max_depth": 9
  }
}