{
  "scores": [
    0.9668911335578002,
    0.9820426487093155,
    0.952300785634119,
    0.9797979797979798,
    0.9352910602910603
  ],
  "mean": 0.963264721598055,
  "std": 0.017560430836074108,
  "best_params": {
    "min_leaf_purity": 0.7823974294624317,
    "max_leaf_purity": 0.9876324390584755,
    "top_pair_fraction": 0.07849435085817003,
    "os_max_depth": 4,
    "n_estimators": 363,
    "max_depth": 12
  }
}