{
  "scores": [
    0.8926767676767677,
    0.8611111111111112,
    0.8808922558922558,
    0.8808922558922558,
    0.8187370062370062
  ],
  "mean": 0.8668618793618794,
  "std": 0.026112013092205753,
  "best_params": {
    "var_smoothing": 1.4500717462371474e-09
  }
}