{
  "scores": [
    0.8343537414965987,
    0.8010204081632653,
    0.7044217687074831,
    0.7624786689419796,
    0.8408703071672355
  ],
  "mean": 0.7886289788953125,
  "std": 0.05049386254216278,
  "best_params": {
    "var_smoothing": 4.955108097127508e-10
  }
}