{
  "scores": [
    0.920314253647587,
    0.9051627384960719,
    0.9450056116722784,
    0.9419191919191919,
    0.9272349272349272
  ],
  "mean": 0.9279273445940113,
  "std": 0.014588384998482968,
  "best_params": {
    "var_smoothing": 1.0541448311375101e-11
  }
}