{
  "scores": [
    0.9643658810325476,
    0.9621212121212122,
    0.9169472502805835,
    0.898709315375982,
    0.9477650727650728
  ],
  "mean": 0.9379817463150797,
  "std": 0.02592035380126399,
  "best_params": {
    "var_smoothing": 1.0979541517746586e-11
  }
}