{
  "scores": [
    0.7626262626262627,
    0.7974186307519641,
    0.8254769921436588,
    0.882996632996633,
    0.7770270270270271
  ],
  "mean": 0.809109109109109,
  "std": 0.042553157517040516,
  "best_params": {
    "var_smoothing": 2.5858298499411456e-09
  }
}