{
  "scores": [
    0.8863636363636366,
    0.8914141414141415,
    0.7744107744107743,
    0.8413299663299664,
    0.8457640332640332
  ],
  "mean": 0.8478565103565103,
  "std": 0.04200313403212945,
  "best_params": {
    "var_smoothing": 1.3895971811057813e-08
  }
}