{
  "scores": [
    0.920314253647587,
    0.9051627384960719,
    0.9450056116722784,
    0.9057239057239057,
    0.9267151767151767
  ],
  "mean": 0.9205843372510039,
  "std": 0.014783212880677748,
  "best_params": {
    "var_smoothing": 2.8816470570739454e-11
  }
}