{
  "scores": [
    0.9438669438669439,
    1.0,
    0.9992736077481841,
    1.0,
    0.9871670702179176
  ],
  "mean": 0.9860615243666093,
  "std": 0.02165514353874859,
  "best_params": {
    "var_smoothing": 3.767790304743964e-09
  }
}