{
  "scores": [
    0.8463804713804715,
    0.843013468013468,
    0.7777777777777777,
    0.867845117845118,
    0.8491424116424117
  ],
  "mean": 0.8368318493318494,
  "std": 0.030757583545994383,
  "best_params": {
    "var_smoothing": 7.007204119357258e-08
  }
}