{
  "scores": [
    0.9230769230769231,
    1.0,
    0.962590799031477,
    0.9642857142857143,
    0.9642857142857143
  ],
  "mean": 0.9628478301359659,
  "std": 0.024356559118849,
  "best_params": {
    "var_smoothing": 2.880602650877196e-10
  }
}