{
  "scores": [
    0.9972713097713098,
    1.0,
    0.9983050847457627,
    1.0,
    0.9978208232445521
  ],
  "mean": 0.998679443552325,
  "std": 0.0011267610888914099,
  "best_params": {
    "var_smoothing": 3.7497268793449055e-10
  }
}