{
  "scores": [
    0.8329931972789115,
    0.8721088435374149,
    0.725170068027211,
    0.7720776450511946,
    0.8146331058020477
  ],
  "mean": 0.803396571939356,
  "std": 0.050643572718846945,
  "best_params": {
    "var_smoothing": 2.2341361083280926e-11
  }
}