{
  "scores": [
    0.9383219954648525,
    0.9541950113378685,
    0.7505668934240363,
    0.8223122866894198,
    0.8442832764505119
  ],
  "mean": 0.8619358926733378,
  "std": 0.07567203007836105,
  "best_params": {
    "var_smoothing": 1.3616305765933527e-09
  }
}