{
  "scores": [
    0.8461538461538461,
    1.0,
    0.9932203389830508,
    0.8911622276029055,
    0.9642857142857143
  ],
  "mean": 0.9389644254051033,
  "std": 0.060347438935810016,
  "best_params": {
    "var_smoothing": 5.533264755933822e-11
  }
}