{
  "scores": [
    0.7647306397306398,
    0.7979797979797979,
    0.7895622895622895,
    0.882996632996633,
    0.7789760914760915
  ],
  "mean": 0.8028490903490904,
  "std": 0.04158560815596402,
  "best_params": {
    "var_smoothing": 3.64407629722404e-10
  }
}