{
  "scores": [
    0.9380952380952381,
    0.9258503401360544,
    0.734013605442177,
    0.8244453924914676,
    0.8398037542662116
  ],
  "mean": 0.8524416660862297,
  "std": 0.0744232242272942,
  "best_params": {
    "var_smoothing": 4.1110740388331495e-11
  }
}