{
  "scores": [
    0.9643658810325476,
    0.962682379349046,
    0.9152637485970819,
    0.8992704826038159,
    0.931912681912682
  ],
  "mean": 0.9346990346990347,
  "std": 0.025705508205269893,
  "best_params": {
    "var_smoothing": 8.049916986217658e-08
  }
}