{
  "scores": [
    0.9272108843537415,
    0.8979591836734694,
    0.7936507936507936,
    0.810580204778157,
    0.8410836177474403
  ],
  "mean": 0.8540969368407204,
  "std": 0.05096338820745616,
  "best_params": {
    "var_smoothing": 9.821292218409081e-08
  }
}