{
  "scores": [
    0.903061224489796,
    0.9250566893424037,
    0.7580498866213152,
    0.8110068259385665,
    0.8976109215017065
  ],
  "mean": 0.8589571095787575,
  "std": 0.06370234205953366,
  "best_params": {
    "var_smoothing": 9.45469117763404e-08
  }
}