{
  "scores": [
    0.9643658810325476,
    0.9618406285072951,
    0.9169472502805835,
    0.898709315375982,
    0.9308731808731808
  ],
  "mean": 0.9345472512139178,
  "std": 0.02546250419414861,
  "best_params": {
    "var_smoothing": 4.774680769262465e-10
  }
}