{
  "scores": [
    0.9949324324324325,
    0.9983050847457627,
    0.9881355932203391,
    0.9898305084745762,
    0.9642857142857143
  ],
  "mean": 0.9870978666317649,
  "std": 0.011965957226338808,
  "best_params": {
    "var_smoothing": 1.5722999461889955e-11
  }
}