{
  "scores": [
    0.943087318087318,
    1.0,
    0.9990314769975788,
    1.0,
    0.9871670702179176
  ],
  "mean": 0.9858571730605629,
  "std": 0.021929786669723218,
  "best_params": {
    "var_smoothing": 1.3926324927644213e-10
  }
}