{
  "scores": [
    0.8343537414965987,
    0.8010204081632653,
    0.6360544217687075,
    0.7869027303754266,
    0.8738267918088738
  ],
  "mean": 0.7864316187225743,
  "std": 0.08094541644489726,
  "best_params": {
    "var_smoothing": 2.28853575361046e-09
  }
}