{
  "scores": [
    0.9037414965986394,
    0.8959183673469389,
    0.730952380952381,
    0.8147397610921502,
    0.8982508532423208
  ],
  "mean": 0.8487205718464861,
  "std": 0.06742733143440813,
  "best_params": {
    "var_smoothing": 2.2009127886252576e-11
  }
}