{
  "scores": [
    0.6582491582491582,
    0.6531986531986531,
    0.6182659932659933,
    0.619949494949495,
    0.5701663201663201
  ],
  "mean": 0.623965923965924,
  "std": 0.031536996979216525
}