{
  "scores": [
    0.9539682539682539,
    0.9634920634920635,
    0.8210884353741497,
    0.8707337883959043,
    0.9046501706484642
  ],
  "mean": 0.902786542375767,
  "std": 0.05293422471561805,
  "best_params": {
    "C": 0.04234294228456271
  }
}