{
  "scores": [
    0.9758698092031426,
    0.9781144781144782,
    0.9382716049382716,
    0.9694163860830527,
    0.9547817047817048
  ],
  "mean": 0.96329079662413,
  "std": 0.014925552138571413,
  "best_params": {
    "C": 0.1624473444959059
  }
}