{
  "scores": [
    0.6582491582491582,
    0.7365319865319865,
    0.619949494949495,
    0.619949494949495,
    0.6103170478170479
  ],
  "mean": 0.6489994364994366,
  "std": 0.046758165211936105,
  "best_params": {
    "C": 47.61581941097899
  }
}