{
  "scores": [
    0.9797297297297297,
    1.0,
    0.9997578692493947,
    0.9997578692493947,
    0.9314769975786925
  ],
  "mean": 0.9821444931614425,
  "std": 0.026503989699485597,
  "best_params": {
    "C": 0.04738140368362101
  }
}