{
  "scores": [
    0.9750280583613917,
    0.9828843995510662,
    0.9421997755331089,
    0.9674523007856342,
    0.9508835758835759
  ],
  "mean": 0.9636896220229554,
  "std": 0.015079560300662898,
  "best_params": {
    "C": 0.11559177112253308
  }
}