{
  "scores": [
    0.9989604989604989,
    1.0,
    0.9980629539951574,
    1.0,
    0.9847457627118644
  ],
  "mean": 0.9963538431335042,
  "std": 0.005848968548441203,
  "best_params": {
    "C": 0.175778937469462
  }
}