{
  "scores": [
    0.6599326599326598,
    0.6948653198653199,
    0.6182659932659933,
    0.619949494949495,
    0.6103170478170479
  ],
  "mean": 0.6406661031661032,
  "std": 0.032127132584670724
}