{
  "scores": [
    0.6582491582491582,
    0.6115319865319865,
    0.6182659932659933,
    0.619949494949495,
    0.6487785862785863
  ],
  "mean": 0.6313550438550439,
  "std": 0.01855390316036764
}