{
  "scores": [
    0.9180093555093556,
    0.9983050847457627,
    0.9983050847457627,
    0.9983050847457627,
    0.962590799031477
  ],
  "mean": 0.9751030817556241,
  "std": 0.03172144266554107,
  "best_params": {
    "C": 0.003337478875581461
  }
}