{
  "scores": [
    0.5,
    0.7432659932659932,
    0.7832491582491583,
    0.5,
    0.5
  ],
  "mean": 0.6053030303030302,
  "std": 0.12958764460668493,
  "best_params": {
    "C": 6.2438516793352035
  }
}