{
  "scores": [
    0.9629629629629629,
    0.9772727272727273,
    0.9374298540965207,
    0.9508978675645342,
    0.9041060291060291
  ],
  "mean": 0.9465338882005548,
  "std": 0.02496734549468683,
  "best_params": {
    "C": 0.09328849982255591
  }
}