{
  "scores": [
    0.6965488215488216,
    0.5,
    0.7655723905723906,
    0.5,
    0.5
  ],
  "mean": 0.5924242424242424,
  "std": 0.11528133495764976,
  "best_params": {
    "C": 0.001802789820787859
  }
}