{
  "scores": [
    0.9753086419753086,
    0.984006734006734,
    0.9450056116722783,
    0.9699775533108866,
    0.9527027027027027
  ],
  "mean": 0.965400248733582,
  "std": 0.014439516363886516,
  "best_params": {
    "C": 0.06247345552223896
  }
}