{
  "scores": [
    0.9935031185031185,
    1.0,
    0.9980629539951574,
    1.0,
    0.9815980629539952
  ],
  "mean": 0.9946328270904543,
  "std": 0.0069362839943259424,
  "best_params": {
    "C": 0.18481256472331872
  }
}