{
  "scores": [
    0.9569160997732427,
    0.9684807256235828,
    0.8589569160997733,
    0.8698805460750854,
    0.8811860068259386
  ],
  "mean": 0.9070840588795246,
  "std": 0.04609515229222487,
  "best_params": {
    "C": 0.04547132285509268
  }
}