{
  "scores": [
    0.9979209979209979,
    0.998547215496368,
    0.9990314769975788,
    0.9992736077481841,
    0.9585956416464891
  ],
  "mean": 0.9906737879619236,
  "std": 0.0160457361983696,
  "best_params": {
    "C": 45.425427328176845
  }
}