{
  "scores": [
    0.9049886621315193,
    0.9687074829931973,
    0.7879818594104309,
    0.8679607508532423,
    0.8892918088737202
  ],
  "mean": 0.883786112852422,
  "std": 0.058515633724980545,
  "best_params": {
    "C": 0.06725048692788783
  }
}