{
  "scores": [
    0.7530612244897958,
    0.7231292517006803,
    0.6231292517006802,
    0.6147610921501706,
    0.6511305460750852
  ],
  "mean": 0.6730422732232826,
  "std": 0.05528086024330231,
  "best_params": {
    "C": 1.2813227301919001
  }
}