{
  "scores": [
    0.6182659932659933,
    0.6582491582491582,
    0.728114478114478,
    0.6165824915824915,
    0.6487785862785863
  ],
  "mean": 0.6539981414981414,
  "std": 0.040534586538974876,
  "best_params": {
    "C": 27.097131510891433
  }
}