{
  "scores": [
    0.9585034013605442,
    0.980952380952381,
    0.8390022675736961,
    0.8880119453924914,
    0.9479522184300342
  ],
  "mean": 0.9228844427418295,
  "std": 0.05200249882722424,
  "best_params": {
    "C": 0.26159943154771953
  }
}