{
  "scores": [
    0.9595959595959596,
    0.9823232323232323,
    0.9326599326599325,
    0.9469696969696969,
    0.9558212058212059
  ],
  "mean": 0.9554740054740055,
  "std": 0.016314393753787536,
  "best_params": {
    "C": 0.47111327671457814
  }
}