{
  "scores": [
    0.9590347923681257,
    0.9753086419753086,
    0.9458473625140291,
    0.9374298540965208,
    0.9352910602910603
  ],
  "mean": 0.9505823422490088,
  "std": 0.01491351798054678,
  "best_params": {
    "C": 0.8477682241938514
  }
}