{
  "scores": [
    0.9632435465768798,
    0.9783950617283951,
    0.9346240179573513,
    0.9523007856341189,
    0.9043659043659042
  ],
  "mean": 0.9465858632525299,
  "std": 0.025485582318216876,
  "best_params": {
    "C": 0.10624974287843657
  }
}