{
  "scores": [
    0.9797297297297297,
    1.0,
    0.9990314769975788,
    0.9997578692493947,
    0.9319612590799031
  ],
  "mean": 0.9820960670113212,
  "std": 0.02622364087846301,
  "best_params": {
    "C": 0.05988806984759467
  }
}