{
  "scores": [
    0.7462585034013604,
    0.7248299319727891,
    0.5547619047619047,
    0.5886305460750854,
    0.6147610921501706
  ],
  "mean": 0.645848395672262,
  "std": 0.07597015781176579,
  "best_params": {
    "C": 47.678208381058894
  }
}