{
  "scores": [
    0.9632435465768798,
    0.9781144781144782,
    0.9377104377104377,
    0.9551066217732884,
    0.9046257796257796
  ],
  "mean": 0.9477601727601727,
  "std": 0.025205801225253156,
  "best_params": {
    "C": 0.10563986642411818
  }
}