{
  "scores": [
    0.9783950617283951,
    0.9755892255892256,
    0.9354657687991021,
    0.9646464646464646,
    0.9537422037422038
  ],
  "mean": 0.9615677449010782,
  "std": 0.01569580376038762,
  "best_params": {
    "C": 0.12951755041315077
  }
}