{
  "scores": [
    0.7863945578231293,
    0.5,
    0.5,
    0.5,
    0.5
  ],
  "mean": 0.557278911564626,
  "std": 0.11455782312925172,
  "best_params": {
    "C": 96.17437354275968
  }
}