{
  "scores": [
    0.9230769230769231,
    0.962590799031477,
    0.9983050847457627,
    0.8928571428571428,
    0.9642857142857143
  ],
  "mean": 0.948223132799404,
  "std": 0.0365249585171881,
  "best_params": {
    "C": 51.70659445296248
  }
}