{
  "scores": [
    0.6582491582491582,
    0.6965488215488216,
    0.6182659932659933,
    0.619949494949495,
    0.6103170478170479
  ],
  "mean": 0.6406661031661032,
  "std": 0.03250861418151632,
  "best_params": {
    "C": 97.98721959766347
  }
}