{
  "scores": [
    0.9615384615384616,
    0.962590799031477,
    0.9966101694915254,
    0.9642857142857143,
    0.9642857142857143
  ],
  "mean": 0.9698621717265785,
  "std": 0.013414962927865069,
  "best_params": {
    "C": 13.985568254918014
  }
}