{
  "scores": [
    0.9213877338877339,
    0.9983050847457627,
    0.9983050847457627,
    0.9983050847457627,
    0.962590799031477
  ],
  "mean": 0.9757787574312997,
  "std": 0.030511020814476715,
  "best_params": {
    "C": 0.0033263217701381266
  }
}