{
  "scores": [
    0.7382154882154881,
    0.5,
    0.5,
    0.5,
    0.5
  ],
  "mean": 0.5476430976430976,
  "std": 0.09528619528619524,
  "best_params": {
    "C": 20.115818809250552
  }
}