{
  "scores": [
    0.7479591836734693,
    0.49829931972789115,
    0.5,
    0.5,
    0.5
  ],
  "mean": 0.5492517006802722,
  "std": 0.09935592481770338,
  "best_params": {
    "C": 34.35659793273915
  }
}