{
  "scores": [
    0.9405895691609978,
    0.9761904761904762,
    0.8243764172335601,
    0.8389505119453926,
    0.9406996587030717
  ],
  "mean": 0.9041613266466998,
  "std": 0.060775565929430925,
  "best_params": {
    "min_leaf_purity": 0.5123855042543835,
    "max_leaf_purity": 0.886161785430656,
    "top_pair_fraction": 0.08110206819376567,
    "os_max_depth": 5,
    "C": 0.00010202504263686725
  }
}