{
  "scores": [
    0.9467120181405895,
    0.98140589569161,
    0.8304988662131518,
    0.8698805460750854,
    0.9059300341296929
  ],
  "mean": 0.9068854720500259,
  "std": 0.05356237162884658,
  "best_params": {
    "C": 0.00015573491738840408
  }
}