{
  "scores": [
    0.9179138321995466,
    0.9834467120181406,
    0.8433106575963718,
    0.886518771331058,
    0.9076365187713311
  ],
  "mean": 0.9077652983832897,
  "std": 0.045686981347708655,
  "best_params": {
    "C": 0.00010255705713951636
  }
}