{
  "scores": [
    0.9769921436588104,
    0.9772727272727273,
    0.9040404040404038,
    0.9654882154882154,
    0.9617983367983368
  ],
  "mean": 0.9571183654516988,
  "std": 0.027241115504532662,
  "best_params": {
    "C": 0.00010866009148014017
  }
}