{
  "scores": [
    0.9767115600448933,
    0.9767115600448933,
    0.9284511784511785,
    0.9640852974186307,
    0.9586798336798337
  ],
  "mean": 0.9609278859278859,
  "std": 0.017708801495433066,
  "best_params": {
    "C": 0.00010217742857934888
  }
}