{
  "scores": [
    0.9769921436588104,
    0.9772727272727273,
    0.9301346801346801,
    0.9654882154882154,
    0.9617983367983367
  ],
  "mean": 0.9623372206705539,
  "std": 0.01723402974575912,
  "best_params": {
    "C": 0.00010857122067341472
  }
}