{
  "scores": [
    0.9994802494802495,
    1.0,
    0.9990314769975788,
    1.0,
    0.9983050847457627
  ],
  "mean": 0.9993633622447182,
  "std": 0.000640995627254176,
  "best_params": {
    "C": 0.00010551274777392674
  }
}