{
  "scores": [
    0.9755892255892256,
    0.9775533108866441,
    0.9396745230078565,
    0.9643658810325478,
    0.9599792099792099
  ],
  "mean": 0.9634324300990968,
  "std": 0.01359721412644882,
  "best_params": {
    "C": 0.00010095202706209107
  }
}