{
  "scores": [
    0.9769921436588104,
    0.9772727272727273,
    0.90347923681257,
    0.9654882154882154,
    0.9617983367983368
  ],
  "mean": 0.957006132006132,
  "std": 0.027459843486484073,
  "best_params": {
    "C": 0.00010981567351561579
  }
}