{
  "scores": [
    0.9994802494802495,
    1.0,
    0.9990314769975788,
    1.0,
    0.9963680387409202
  ],
  "mean": 0.9989759530437496,
  "std": 0.0013532153674437077,
  "best_params": {
    "C": 0.00011262516477694537
  }
}