{
  "scores": [
    0.9806397306397306,
    0.9775533108866442,
    0.9525813692480359,
    0.9663299663299663,
    0.9467255717255716
  ],
  "mean": 0.9647659897659897,
  "std": 0.013355589943552936,
  "best_params": {
    "C": 0.00010693705594494373
  }
}