{
  "scores": [
    0.9702581369248036,
    0.9750280583613916,
    0.9419191919191919,
    0.9691358024691358,
    0.9449064449064449
  ],
  "mean": 0.9602495269161935,
  "std": 0.013920880042900659,
  "best_params": {
    "min_leaf_purity": 0.7932245301893567,
    "max_leaf_purity": 0.9812215280216705,
    "top_pair_fraction": 0.07951671968267568,
    "os_max_depth": 10,
    "C": 0.00011399848023531849
  }
}