{
  "scores": [
    0.9462585034013605,
    0.9797052154195012,
    0.8346938775510204,
    0.8348976109215017,
    0.9357935153583617
  ],
  "mean": 0.9062697445303491,
  "std": 0.060134197349564954,
  "best_params": {
    "C": 0.00011015105740998238
  }
}