{
  "scores": [
    0.9994802494802495,
    1.0,
    0.9987893462469735,
    1.0,
    0.995641646489104
  ],
  "mean": 0.9987822484432654,
  "std": 0.0016319604265293732,
  "best_params": {
    "min_leaf_purity": 0.5827429368605705,
    "max_leaf_purity": 0.9638826509254076,
    "top_pair_fraction": 0.09942098189930942,
    "os_max_depth": 9,
    "C": 0.00016655528228330955
  }
}