{
  "scores": [
    0.9505668934240362,
    0.9793650793650794,
    0.8258503401360545,
    0.8387372013651877,
    0.9347269624573379
  ],
  "mean": 0.9058492953495392,
  "std": 0.06187409753487192,
  "best_params": {
    "C": 0.00012405812947725568
  }
}