{
  "scores": [
    1.0,
    1.0,
    0.9990314769975788,
    1.0,
    0.9949152542372881
  ],
  "mean": 0.9987893462469734,
  "std": 0.00197303135956063,
  "best_params": {
    "C": 0.00014046863140384299
  }
}