{
  "scores": [
    0.9994802494802495,
    1.0,
    0.9990314769975788,
    1.0,
    0.9966101694915254
  ],
  "mean": 0.9990243791938708,
  "std": 0.0012601546332433712,
  "best_params": {
    "C": 0.00011592590063236031
  }
}