{
  "scores": [
    0.9994802494802495,
    1.0,
    0.9992736077481841,
    1.0,
    0.9944309927360775
  ],
  "mean": 0.9986369699929023,
  "std": 0.0021223748118867143,
  "best_params": {
    "C": 0.00011579487510929248
  }
}