{
  "scores": [
    0.9994802494802495,
    1.0,
    0.9987893462469735,
    1.0,
    0.9987893462469735
  ],
  "mean": 0.9994117883948392,
  "std": 0.0005425018267225774,
  "best_params": {
    "C": 0.00010466507798111287
  }
}