{
  "scores": [
    0.9769921436588103,
    0.9772727272727273,
    0.9301346801346801,
    0.9654882154882154,
    0.9617983367983368
  ],
  "mean": 0.9623372206705539,
  "std": 0.017234029745759098,
  "best_params": {
    "C": 0.00010867670243478342
  }
}