{
  "scores": [
    0.9526077097505669,
    0.9770975056689342,
    0.8328798185941043,
    0.8340443686006827,
    0.9417662116040956
  ],
  "mean": 0.9076791228436767,
  "std": 0.06167079108351195,
  "best_params": {
    "C": 0.00010044653135500494
  }
}