{
  "scores": [
    0.9145124716553289,
    0.9802721088435374,
    0.8187074829931973,
    0.8464163822525597,
    0.8816126279863481
  ],
  "mean": 0.8883042147461943,
  "std": 0.05619259593575169,
  "best_params": {
    "C": 0.0001693113977361524
  }
}