{
  "scores": [
    0.8875283446712019,
    0.9811791383219954,
    0.8434240362811791,
    0.8626279863481229,
    0.881292662116041
  ],
  "mean": 0.8912104335477082,
  "std": 0.047553725109731965,
  "best_params": {
    "C": 0.0001645416086039035
  }
}