{
  "scores": [
    0.9453514739229025,
    0.9723356009070295,
    0.8306122448979592,
    0.8257252559726962,
    0.9349402730375426
  ],
  "mean": 0.901792969747626,
  "std": 0.06136015397852514,
  "best_params": {
    "C": 0.00010162654904919128
  }
}