{
  "scores": [
    0.9419501133786848,
    0.9811791383219954,
    0.8433106575963718,
    0.8686006825938567,
    0.9040102389078498
  ],
  "mean": 0.9078101661597516,
  "std": 0.04951878779977775,
  "best_params": {
    "C": 0.00020742976316556687
  }
}