{
  "scores": [
    0.9755892255892256,
    0.9772727272727273,
    0.9466891133557801,
    0.9646464646464646,
    0.9599792099792099
  ],
  "mean": 0.9648353481686816,
  "std": 0.011164567806583526,
  "best_params": {
    "C": 0.00010013291648967228
  }
}