{
  "scores": [
    0.973625140291807,
    0.9772727272727273,
    0.9528619528619529,
    0.9666105499438833,
    0.9417879417879418
  ],
  "mean": 0.9624316624316623,
  "std": 0.013272202502422899,
  "best_params": {
    "C": 0.00010340289387980688
  }
}