{
  "scores": [
    0.9758698092031425,
    0.9772727272727273,
    0.9287317620650954,
    0.9643658810325477,
    0.9586798336798337
  ],
  "mean": 0.9609840026506692,
  "std": 0.01757192707335543,
  "best_params": {
    "C": 0.0001047294099787732
  }
}