{
  "scores": [
    0.9994802494802495,
    1.0,
    0.9987893462469735,
    1.0,
    0.9980629539951573
  ],
  "mean": 0.9992665099444761,
  "std": 0.0007480550821446974,
  "best_params": {
    "C": 0.00013224970619550464
  }
}