{
  "scores": [
    0.9994802494802495,
    1.0,
    0.9987893462469735,
    1.0,
    0.998547215496368
  ],
  "mean": 0.9993633622447181,
  "std": 0.0006033022077267845,
  "best_params": {
    "C": 0.00015121859566781428
  }
}