{
  "scores": [
    0.9755892255892256,
    0.9775533108866442,
    0.9037598204264871,
    0.9688552188552187,
    0.9415280665280665
  ],
  "mean": 0.9534571284571285,
  "std": 0.027998863773548717,
  "best_params": {
    "C": 0.00010470218957532385
  }
}