{
  "scores": [
    0.9433106575963719,
    0.9807256235827665,
    0.835374149659864,
    0.8348976109215017,
    0.9357935153583617
  ],
  "mean": 0.9060203114237732,
  "std": 0.05984516012792297,
  "best_params": {
    "C": 0.00010111444098021657
  }
}