{
  "scores": [
    0.9187074829931972,
    0.9811791383219955,
    0.8361678004535148,
    0.8650810580204777,
    0.8797994880546075
  ],
  "mean": 0.8961869935687584,
  "std": 0.0501383490338214,
  "best_params": {
    "C": 0.00020683300959280164
  }
}