{
  "scores": [
    0.9764309764309764,
    0.9772727272727273,
    0.9424803591470259,
    0.9671717171717171,
    0.9553014553014554
  ],
  "mean": 0.9637314470647805,
  "std": 0.013260115180642676,
  "best_params": {
    "C": 0.00010297319997610598
  }
}