{
  "scores": [
    0.9994802494802495,
    1.0,
    0.9990314769975788,
    1.0,
    0.998547215496368
  ],
  "mean": 0.9994117883948392,
  "std": 0.0005637012969231556,
  "best_params": {
    "C": 0.00010246400398958237
  }
}