{
  "scores": [
    0.9758698092031425,
    0.9772727272727272,
    0.9421997755331089,
    0.9663299663299664,
    0.9547817047817048
  ],
  "mean": 0.96329079662413,
  "std": 0.013267993889588096,
  "best_params": {
    "C": 0.00012003924978320075
  }
}