{
  "scores": [
    0.9769921436588103,
    0.9772727272727273,
    0.90347923681257,
    0.9654882154882154,
    0.962058212058212
  ],
  "mean": 0.957058107058107,
  "std": 0.027469109197653493,
  "best_params": {
    "C": 0.00010863569931668803
  }
}