{
  "scores": [
    0.9971413721413721,
    0.9999999999999999,
    0.9981840193704601,
    1.0,
    0.9859564164648911
  ],
  "mean": 0.9962563615953446,
  "std": 0.005265313568336026,
  "best_params": {
    "n_estimators": 187,
    "max_depth": 20
  }
}