{
  "scores": [
    0.9649270482603817,
    0.946969696969697,
    0.9357463524130192,
    0.9444444444444444,
    0.8781185031185033
  ],
  "mean": 0.9340412090412091,
  "std": 0.029528172049351892,
  "best_params": {
    "n_estimators": 549,
    "max_depth": 3
  }
}