{
  "scores": [
    0.9114758698092031,
    0.9666105499438833,
    0.9388327721661055,
    0.8926767676767677,
    0.9189189189189189
  ],
  "mean": 0.9257029757029758,
  "std": 0.025238801756782635,
  "best_params": {
    "n_estimators": 938,
    "max_depth": 5
  }
}