{
  "scores": [
    0.9923336798336798,
    1.0,
    0.998547215496368,
    0.9975786924939467,
    0.9470944309927363
  ],
  "mean": 0.9871108037633463,
  "std": 0.020174677750055284,
  "best_params": {
    "n_estimators": 215,
    "max_depth": 16
  }
}