{
  "scores": [
    0.9159652076318743,
    0.9783950617283951,
    0.9567901234567902,
    0.9489337822671157,
    0.9472453222453223
  ],
  "mean": 0.9494658994658994,
  "std": 0.02009005301905721,
  "best_params": {
    "n_estimators": 611,
    "max_depth": 15
  }
}