{
  "scores": [
    0.9607182940516275,
    0.9556677890011223,
    0.9228395061728396,
    0.9534231200897867,
    0.8768191268191269
  ],
  "mean": 0.9338935672269006,
  "std": 0.03147942233194851,
  "best_params": {
    "n_estimators": 440,
    "max_depth": 4
  }
}