{
  "scores": [
    0.9315375982042648,
    0.97334455667789,
    0.8950617283950617,
    0.9255050505050506,
    0.9189189189189189
  ],
  "mean": 0.9288735705402372,
  "std": 0.025449747884132554,
  "best_params": {
    "n_estimators": 524,
    "max_depth": 10
  }
}