{
  "scores": [
    0.9274691358024691,
    0.978956228956229,
    0.944304152637486,
    0.9494949494949495,
    0.9499740124740125
  ],
  "mean": 0.9500396958730292,
  "std": 0.01660598438264153,
  "best_params": {
    "n_estimators": 304,
    "max_depth": 10
  }
}