{
  "scores": [
    0.9438832772166106,
    0.9649270482603816,
    0.936026936026936,
    0.9551066217732884,
    0.8755197505197505
  ],
  "mean": 0.9350927267593935,
  "std": 0.03136153298356774,
  "best_params": {
    "n_estimators": 790,
    "max_depth": 4
  }
}