{
  "scores": [
    1.0,
    1.0,
    0.9975786924939467,
    1.0,
    0.9958837772397094
  ],
  "mean": 0.9986924939467311,
  "std": 0.0016886775568196342,
  "best_params": {
    "n_estimators": 660,
    "max_depth": 2
  }
}