{
  "scores": [
    0.9955821205821206,
    1.0,
    0.999273607748184,
    1.0,
    0.95
  ],
  "mean": 0.9889711456660608,
  "std": 0.019554371197551657,
  "best_params": {
    "n_estimators": 615,
    "max_depth": 10
  }
}