{
  "scores": [
    0.9451247165532879,
    0.9392290249433106,
    0.8959183673469389,
    0.9058233788395904,
    0.820179180887372
  ],
  "mean": 0.9012549337140999,
  "std": 0.044697241031004024,
  "best_params": {
    "n_estimators": 618,
    "max_depth": 9
  }
}