{
  "scores": [
    1.0,
    1.0,
    0.9970944309927361,
    0.9997578692493947,
    0.9953995157384988
  ],
  "mean": 0.998450363196126,
  "std": 0.001879284059267034,
  "best_params": {
    "n_estimators": 906,
    "max_depth": 3
  }
}