{
  "scores": [
    0.9994802494802495,
    1.0,
    0.9966101694915255,
    1.0,
    0.9889830508474576
  ],
  "mean": 0.9970146939638467,
  "std": 0.004208895329209258,
  "best_params": {
    "n_estimators": 221,
    "max_depth": 4
  }
}