{
  "scores": [
    0.9295735129068462,
    0.8919753086419753,
    0.9029180695847363,
    0.9372895622895623,
    0.9065748440748441
  ],
  "mean": 0.9136662594995928,
  "std": 0.01701417205713472,
  "best_params": {
    "n_estimators": 639,
    "max_depth": 20
  }
}