{
  "scores": [
    0.9922037422037422,
    1.0,
    0.9980629539951573,
    0.9966101694915255,
    0.962953995157385
  ],
  "mean": 0.9899661721695618,
  "std": 0.01374803770631624,
  "best_params": {
    "n_estimators": 255,
    "max_depth": 17
  }
}