{
  "scores": [
    0.9444444444444444,
    0.8895691609977323,
    0.9005668934240363,
    0.8969709897610921,
    0.8426834470989762
  ],
  "mean": 0.8948469871452562,
  "std": 0.03239143974724879,
  "best_params": {
    "n_estimators": 899,
    "max_depth": 18
  }
}