{
  "scores": [
    0.9292929292929293,
    0.9638047138047138,
    0.9113355780022447,
    0.9081088664421998,
    0.9017671517671517
  ],
  "mean": 0.9228618478618479,
  "std": 0.022419494378603435,
  "best_params": {
    "n_estimators": 982,
    "max_depth": 19
  }
}