{
  "scores": [
    0.919753086419753,
    0.9778338945005611,
    0.9553872053872055,
    0.9454264870931537,
    0.943477130977131
  ],
  "mean": 0.9483755608755609,
  "std": 0.01880900993852035,
  "best_params": {
    "n_estimators": 941,
    "max_depth": 20
  }
}