{
  "scores": [
    0.9450056116722783,
    0.9656285072951739,
    0.9236812570145903,
    0.9285914702581369,
    0.9342515592515592
  ],
  "mean": 0.9394316810983477,
  "std": 0.01489806764017215,
  "best_params": {
    "n_estimators": 488,
    "max_depth": 20
  }
}