{
  "scores": [
    0.9194725028058361,
    0.9699775533108866,
    0.9009539842873177,
    0.9458473625140291,
    0.8846153846153846
  ],
  "mean": 0.9241733575066909,
  "std": 0.03063937790887944,
  "best_params": {
    "n_estimators": 756,
    "max_depth": 9
  }
}