{
  "scores": [
    0.9942827442827442,
    1.0,
    0.9983050847457627,
    0.9990314769975787,
    0.9430992736077483
  ],
  "mean": 0.9869437159267669,
  "std": 0.022008442391149973,
  "best_params": {
    "n_estimators": 641,
    "max_depth": 17
  }
}