{
  "scores": [
    0.904040404040404,
    0.9657687991021324,
    0.936307519640853,
    0.9430415263748597,
    0.886954261954262
  ],
  "mean": 0.9272225022225022,
  "std": 0.02820474045327262,
  "best_params": {
    "n_estimators": 963,
    "max_depth": 4
  }
}