{
  "scores": [
    0.9180695847362512,
    0.965628507295174,
    0.898989898989899,
    0.940796857463524,
    0.9089137214137215
  ],
  "mean": 0.9264797139797138,
  "std": 0.023969117265711392,
  "best_params": {
    "n_estimators": 938,
    "max_depth": 17
  }
}