{
  "scores": [
    0.57996632996633,
    0.49663299663299665,
    0.5,
    0.5,
    0.5
  ],
  "mean": 0.5153198653198653,
  "std": 0.03234952634232322,
  "best_params": {
    "n_estimators": 439,
    "max_depth": 17,
    "min_samples_split": 5,
    "min_samples_leaf": 2
  }
}