{
  "scores": [
    0.9473922902494331,
    0.8953514739229025,
    0.8943310657596372,
    0.9030503412969284,
    0.8340443686006827
  ],
  "mean": 0.8948339079659167,
  "std": 0.036126948794452024,
  "best_params": {
    "n_estimators": 708,
    "max_depth": 10
  }
}