{
  "scores": [
    0.5,
    0.5,
    0.4983164983164983,
    0.4983164983164983,
    0.5
  ],
  "mean": 0.4993265993265993,
  "std": 0.0008247440211391134,
  "best_params": {
    "n_estimators": 506,
    "max_depth": 6,
    "min_samples_split": 18,
    "min_samples_leaf": 20
  }
}