{
  "scores": [
    0.9890852390852392,
    1.0,
    0.998547215496368,
    0.9932203389830508,
    0.9662227602905569
  ],
  "mean": 0.9894151107710429,
  "std": 0.012230363155588266,
  "best_params": {
    "n_estimators": 357,
    "max_depth": 9
  }
}