{
  "scores": [
    0.494949494949495,
    0.5,
    0.4983164983164983,
    0.5332491582491582,
    0.5
  ],
  "mean": 0.5053030303030303,
  "std": 0.014094237485488928,
  "best_params": {
    "n_estimators": 527,
    "max_depth": 19,
    "min_samples_split": 30,
    "min_samples_leaf": 1
  }
}