{
  "scores": [
    0.9194725028058361,
    0.8947811447811447,
    0.9051627384960719,
    0.9318181818181817,
    0.9111226611226612
  ],
  "mean": 0.9124714458047791,
  "std": 0.012581686424754076,
  "best_params": {
    "n_estimators": 920,
    "max_depth": 10
  }
}