{
  "scores": [
    0.9957120582120582,
    1.0,
    0.999273607748184,
    1.0,
    0.988861985472155
  ],
  "mean": 0.9967695302864794,
  "std": 0.004261215442872941,
  "best_params": {
    "n_estimators": 325,
    "max_depth": 19
  }
}