{
  "scores": [
    0.9384095634095635,
    1.0,
    0.998547215496368,
    0.9968523002421308,
    0.9445520581113802
  ],
  "mean": 0.9756722274518885,
  "std": 0.028002400432465727,
  "best_params": {
    "n_estimators": 375,
    "max_depth": 5
  }
}