{
  "scores": [
    0.9654195011337868,
    0.970748299319728,
    0.9168934240362812,
    0.885665529010239,
    0.9018771331058021
  ],
  "mean": 0.9281207773211675,
  "std": 0.03413365161366929,
  "best_params": {
    "n_estimators": 698,
    "max_depth": 6
  }
}