{
  "scores": [
    0.9615600448933782,
    0.9638047138047138,
    0.9391133557800224,
    0.9514590347923682,
    0.8916320166320166
  ],
  "mean": 0.9415138331804996,
  "std": 0.026425740905669768,
  "best_params": {
    "n_estimators": 742,
    "max_depth": 4
  }
}