{
  "scores": [
    0.9855769230769231,
    1.0,
    0.9983050847457627,
    0.9980629539951574,
    0.9466101694915255
  ],
  "mean": 0.9857110262618738,
  "std": 0.020220040465598676,
  "best_params": {
    "n_estimators": 673,
    "max_depth": 9
  }
}