{
  "scores": [
    0.919472502805836,
    0.9744668911335578,
    0.9060044893378225,
    0.914702581369248,
    0.935420997920998
  ],
  "mean": 0.9300134925134925,
  "std": 0.02419634047197974,
  "best_params": {
    "n_estimators": 484,
    "max_depth": 14
  }
}