{
  "scores": [
    0.9559483726150393,
    0.946969696969697,
    0.925364758698092,
    0.946969696969697,
    0.8939708939708939
  ],
  "mean": 0.9338446838446839,
  "std": 0.022338009068452035,
  "best_params": {
    "n_estimators": 106,
    "max_depth": 3
  }
}