{
  "scores": [
    0.9267676767676768,
    0.9685746352413019,
    0.9197530864197531,
    0.9471099887766554,
    0.9190488565488565
  ],
  "mean": 0.9362508487508487,
  "std": 0.0190827846169977,
  "best_params": {
    "n_estimators": 707,
    "max_depth": 12
  }
}