{
  "scores": [
    0.9332210998877665,
    0.89337822671156,
    0.9054433221099888,
    0.9290123456790125,
    0.9119022869022869
  ],
  "mean": 0.9145914562581231,
  "std": 0.01480504489333848,
  "best_params": {
    "n_estimators": 764,
    "max_depth": 16
  }
}