{
  "scores": [
    0.9971413721413722,
    1.0,
    0.9990314769975788,
    0.9995157384987894,
    0.9980629539951573
  ],
  "mean": 0.9987503083265794,
  "std": 0.0010283773698104676,
  "best_params": {
    "learning_rate": 0.08435431854456725,
    "max_depth": 7,
    "n_estimators": 177
  }
}