{
  "scores": [
    0.9643658810325477,
    0.925645342312009,
    0.9071268237934904,
    0.946969696969697,
    0.9321725571725572
  ],
  "mean": 0.9352560602560602,
  "std": 0.019378951392330444,
  "best_params": {
    "learning_rate": 0.1449596100789909,
    "max_depth": 3,
    "n_estimators": 937
  }
}