{
  "scores": [
    0.9997401247401247,
    1.0,
    0.9983050847457627,
    1.0,
    0.9922518159806296
  ],
  "mean": 0.9980594050933034,
  "std": 0.0029713662012039,
  "best_params": {
    "learning_rate": 0.2772681885283008,
    "max_depth": 7,
    "n_estimators": 158
  }
}