{
  "scores": [
    0.965532879818594,
    0.9369614512471656,
    0.8514739229024944,
    0.9200085324232081,
    0.8843856655290102
  ],
  "mean": 0.9116724903840945,
  "std": 0.039945966069070284,
  "best_params": {
    "learning_rate": 0.13750660899366898,
    "max_depth": 3,
    "n_estimators": 768
  }
}