{
  "scores": [
    0.9984407484407485,
    1.0,
    0.9995157384987893,
    1.0,
    0.9927360774818401
  ],
  "mean": 0.9981385128842757,
  "std": 0.002760604048623169,
  "best_params": {
    "learning_rate": 0.01022561247932223,
    "max_depth": 6,
    "n_estimators": 212
  }
}