{
  "scores": [
    0.9781144781144782,
    0.9820426487093153,
    0.9304152637485971,
    0.9722222222222222,
    0.9163201663201663
  ],
  "mean": 0.955822955822956,
  "std": 0.02705306413184904,
  "best_params": {
    "learning_rate": 0.18912193514516962,
    "max_depth": 4,
    "n_estimators": 290
  }
}