{
  "scores": [
    0.9984407484407485,
    1.0,
    0.998547215496368,
    0.9997578692493947,
    0.9961259079903148
  ],
  "mean": 0.9985743482353653,
  "std": 0.0013745289861538414,
  "best_params": {
    "learning_rate": 0.2762715432608078,
    "max_depth": 5,
    "n_estimators": 983
  }
}