{
  "scores": [
    0.9340628507295174,
    0.9739057239057239,
    0.9537037037037036,
    0.9343434343434344,
    0.9454261954261953
  ],
  "mean": 0.948288381621715,
  "std": 0.014768841068441781,
  "best_params": {
    "learning_rate": 0.11038281881780769,
    "max_depth": 5,
    "n_estimators": 819
  }
}