{
  "scores": [
    0.9696145124716553,
    0.9353741496598639,
    0.8226757369614514,
    0.9165955631399317,
    0.8860921501706485
  ],
  "mean": 0.90607042248071,
  "std": 0.049721511084469386,
  "best_params": {
    "learning_rate": 0.07725419092816561,
    "max_depth": 6,
    "n_estimators": 841
  }
}