{
  "scores": [
    0.9233560090702948,
    0.908843537414966,
    0.846938775510204,
    0.8920648464163823,
    0.9215017064846416
  ],
  "mean": 0.8985409749792979,
  "std": 0.028120637020345837,
  "best_params": {
    "learning_rate": 0.174334756885432,
    "max_depth": 5,
    "n_estimators": 237
  }
}