{
  "scores": [
    0.9757369614512472,
    0.9807256235827665,
    0.9006802721088436,
    0.9023037542662116,
    0.9458191126279863
  ],
  "mean": 0.9410531448074112,
  "std": 0.03444146128049786,
  "best_params": {
    "learning_rate": 0.18215674450388383,
    "max_depth": 6,
    "n_estimators": 146
  }
}