{
  "scores": [
    0.972783389450056,
    0.9452861952861953,
    0.9057239057239057,
    0.9539842873176206,
    0.9425675675675675
  ],
  "mean": 0.9440690690690691,
  "std": 0.02189479939534985,
  "best_params": {
    "learning_rate": 0.24312945269990377,
    "max_depth": 10,
    "n_estimators": 953
  }
}