{
  "scores": [
    0.9354657687991021,
    0.9085297418630752,
    0.9298540965207632,
    0.9421997755331089,
    0.9282744282744283
  ],
  "mean": 0.9288647621980954,
  "std": 0.011280391813768227,
  "best_params": {
    "n_neighbors": 29,
    "weights": "distance"
  }
}