{
  "scores": [
    0.9476711560044893,
    0.9246632996632996,
    0.9318181818181819,
    0.9388327721661055,
    0.9060550935550935
  ],
  "mean": 0.9298081006414339,
  "std": 0.014108495257236075,
  "best_params": {
    "n_neighbors": 19,
    "weights": "uniform"
  }
}