{
  "scores": [
    0.9517006802721089,
    0.9626984126984127,
    0.8013605442176871,
    0.8071672354948806,
    0.8406569965870307
  ],
  "mean": 0.872716773854024,
  "std": 0.07035827685155809,
  "best_params": {
    "n_neighbors": 30,
    "weights": "uniform"
  }
}