{
  "scores": [
    0.9053030303030303,
    0.9012345679012345,
    0.9351851851851852,
    0.9250841750841751,
    0.9321725571725572
  ],
  "mean": 0.9197959031292365,
  "std": 0.013946640570243704,
  "best_params": {
    "n_neighbors": 30,
    "weights": "uniform"
  }
}