{
  "scores": [
    0.9981808731808731,
    0.9946731234866828,
    0.9966101694915255,
    0.990677966101695,
    0.9616222760290558
  ],
  "mean": 0.9883528816579663,
  "std": 0.013598889450781197,
  "best_params": {
    "n_neighbors": 30,
    "weights": "distance"
  }
}