{
  "scores": [
    0.9489795918367347,
    0.9520408163265306,
    0.8403628117913833,
    0.8172994880546075,
    0.8801194539249146
  ],
  "mean": 0.8877604323868342,
  "std": 0.05504437647815099,
  "best_params": {
    "min_leaf_purity": 0.5636758072505215,
    "max_leaf_purity": 0.8596511594105692,
    "top_pair_fraction": 0.05445218779200755,
    "os_max_depth": 8,
    "n_neighbors": 26,
    "weights": "uniform"
  }
}