{
  "scores": [
    0.9427437641723356,
    0.937641723356009,
    0.8125850340136055,
    0.8376706484641638,
    0.8551621160409557
  ],
  "mean": 0.8771606572094139,
  "std": 0.053240043194021085,
  "best_params": {
    "n_neighbors": 30,
    "weights": "distance"
  }
}