{
  "scores": [
    0.9175084175084175,
    0.9085297418630751,
    0.9208754208754208,
    0.9308361391694725,
    0.9191787941787942
  ],
  "mean": 0.919385702719036,
  "std": 0.0071379360056410485,
  "best_params": {
    "n_neighbors": 30,
    "weights": "uniform"
  }
}