{
  "scores": [
    0.9396825396825397,
    0.9493197278911565,
    0.8257369614512471,
    0.8068472696245734,
    0.8619880546075086
  ],
  "mean": 0.876714910651405,
  "std": 0.05819536175412271,
  "best_params": {
    "n_neighbors": 30,
    "weights": "uniform"
  }
}