{
  "scores": [
    0.9958419958419958,
    0.9953995157384988,
    0.9966101694915255,
    0.9997578692493947,
    0.987046004842615
  ],
  "mean": 0.994931111032806,
  "std": 0.004227075724983432,
  "best_params": {
    "n_neighbors": 23,
    "weights": "uniform"
  }
}