{
  "scores": [
    0.994412681912682,
    0.9932203389830508,
    0.9966101694915254,
    0.9949152542372882,
    0.9915254237288136
  ],
  "mean": 0.994136773670672,
  "std": 0.0017005202317374687,
  "best_params": {
    "n_neighbors": 30,
    "weights": "distance"
  }
}