{
  "scores": [
    0.9451459034792369,
    0.941358024691358,
    0.9407968574635241,
    0.9260662177328844,
    0.9155405405405406
  ],
  "mean": 0.9337815087815088,
  "std": 0.011207379851162333,
  "best_params": {
    "min_leaf_purity": 0.7519973078048524,
    "max_leaf_purity": 0.934112896123305,
    "top_pair_fraction": 0.06152956040484915,
    "os_max_depth": 5,
    "n_neighbors": 24,
    "weights": "uniform"
  }
}