{
  "scores": [
    0.9023569023569024,
    0.9117564534231201,
    0.9287317620650953,
    0.9297138047138047,
    0.9061850311850312
  ],
  "mean": 0.9157487907487907,
  "std": 0.011404613875613347,
  "best_params": {
    "n_neighbors": 28,
    "weights": "uniform"
  }
}