{
  "scores": [
    0.9641723356009069,
    0.9528344671201814,
    0.8400226757369613,
    0.8055674061433447,
    0.8728668941979523
  ],
  "mean": 0.8870927557598692,
  "std": 0.062173281145025364,
  "best_params": {
    "n_neighbors": 16,
    "weights": "distance"
  }
}