{
  "scores": [
    0.9248035914702581,
    0.9538439955106622,
    0.9421997755331089,
    0.9403759820426487,
    0.9285343035343034
  ],
  "mean": 0.9379515296181962,
  "std": 0.010373509143123719,
  "best_params": {
    "n_neighbors": 30,
    "weights": "distance"
  }
}