{
  "scores": [
    0.998960498960499,
    0.9995157384987894,
    0.9966101694915254,
    1.0,
    0.9907990314769975
  ],
  "mean": 0.9971770876855622,
  "std": 0.003394692167932889,
  "best_params": {
    "n_neighbors": 15,
    "weights": "uniform"
  }
}