{
  "scores": [
    0.9314058956916099,
    0.9324263038548753,
    0.8249433106575964,
    0.8302047781569964,
    0.8547354948805461
  ],
  "mean": 0.8747431566483248,
  "std": 0.04775355445679605,
  "best_params": {
    "n_neighbors": 30,
    "weights": "uniform"
  }
}