{
  "scores": [
    0.9575103950103949,
    0.9998789346246973,
    0.9983050847457626,
    1.0,
    0.9639225181598063
  ],
  "mean": 0.9839233865081323,
  "std": 0.019065944066905257,
  "best_params": {
    "min_leaf_purity": 0.704593731875397,
    "max_leaf_purity": 0.8986976779906639,
    "top_pair_fraction": 0.07458691344174428,
    "os_max_depth": 8,
    "n_neighbors": 10,
    "weights": "distance"
  }
}