{
  "scores": [
    0.9383219954648525,
    0.9301587301587302,
    0.8143990929705216,
    0.8150597269624573,
    0.8569752559726963
  ],
  "mean": 0.8709829603058517,
  "std": 0.05396605459863277,
  "best_params": {
    "n_neighbors": 30,
    "weights": "distance"
  }
}