{
  "scores": [
    0.958549896049896,
    0.9997578692493947,
    0.9983050847457626,
    1.0,
    0.9638014527845036
  ],
  "mean": 0.9840828605659114,
  "std": 0.018786168657740136,
  "best_params": {
    "n_neighbors": 9,
    "weights": "distance"
  }
}