{
  "scores": [
    0.995452182952183,
    0.9997578692493947,
    0.9983050847457626,
    1.0,
    0.992130750605327
  ],
  "mean": 0.9971291775105333,
  "std": 0.0029776158961584637,
  "best_params": {
    "n_neighbors": 9,
    "weights": "uniform"
  }
}