{
  "scores": [
    0.714625850340136,
    0.588095238095238,
    0.5598639455782313,
    0.6130546075085325,
    0.5505546075085325
  ],
  "mean": 0.6052388498061341,
  "std": 0.05894023017623272,
  "best_params": {
    "n_neighbors": 3,
    "weights": "distance"
  }
}