{
  "scores": [
    0.8163265306122448,
    0.8197278911564625,
    0.6214285714285713,
    0.6443046075085325,
    0.5800981228668942
  ],
  "mean": 0.696377144714541,
  "std": 0.10144250639207857,
  "best_params": {
    "n_neighbors": 3,
    "weights": "uniform"
  }
}