{
  "scores": [
    0.9640852974186308,
    0.9727833894500562,
    0.9590347923681257,
    0.9320987654320986,
    0.9202182952182951
  ],
  "mean": 0.9496441079774411,
  "std": 0.020029362218704858,
  "best_params": {
    "n_neighbors": 19,
    "weights": "distance"
  }
}