{
  "scores": [
    0.9702581369248036,
    0.9758698092031425,
    0.9635241301907969,
    0.9257856341189674,
    0.9124220374220374
  ],
  "mean": 0.9495719495719495,
  "std": 0.025534540873002623,
  "best_params": {
    "n_neighbors": 19,
    "weights": "distance"
  }
}