{
  "scores": [
    0.9607588357588358,
    1.0,
    0.9983050847457627,
    1.0,
    0.9639225181598063
  ],
  "mean": 0.9845972877328808,
  "std": 0.01821048422602913,
  "best_params": {
    "n_neighbors": 14,
    "weights": "distance"
  }
}