{
  "scores": [
    0.9975311850311851,
    1.0,
    0.9983050847457627,
    1.0,
    0.9641646489104116
  ],
  "mean": 0.9920001837374718,
  "std": 0.013951020547704073,
  "best_params": {
    "n_neighbors": 14,
    "weights": "distance"
  }
}