{
  "scores": [
    0.9230769230769231,
    1.0,
    0.9983050847457627,
    0.9642857142857143,
    0.9642857142857143
  ],
  "mean": 0.969990687278823,
  "std": 0.02817182514218381,
  "best_params": {
    "n_neighbors": 5,
    "weights": "distance"
  }
}