{
  "scores": [
    0.8846153846153846,
    0.9642857142857143,
    0.9983050847457627,
    0.9642857142857143,
    0.9642857142857143
  ],
  "mean": 0.955155522443658,
  "std": 0.037650702465992,
  "best_params": {
    "n_neighbors": 5,
    "weights": "distance"
  }
}