{
  "scores": [
    0.8163265306122448,
    0.7547619047619046,
    0.6197278911564625,
    0.6772610921501706,
    0.5818046075085325
  ],
  "mean": 0.6899764052378631,
  "std": 0.0859757941193445,
  "best_params": {
    "n_neighbors": 4,
    "weights": "distance"
  }
}