{
  "scores": [
    0.9702581369248036,
    0.9758698092031425,
    0.9635241301907969,
    0.9257856341189674,
    0.9243762993762993
  ],
  "mean": 0.9519628019628019,
  "std": 0.02229882431087508,
  "best_params": {
    "n_neighbors": 19,
    "weights": "distance"
  }
}