{
  "scores": [
    0.7432659932659932,
    0.6616161616161617,
    0.6965488215488216,
    0.7348484848484849,
    0.7240124740124741
  ],
  "mean": 0.7120583870583872,
  "std": 0.029736066206735908,
  "best_params": {
    "n_neighbors": 4,
    "weights": "distance"
  }
}