{
  "scores": [
    0.9605442176870749,
    0.9712018140589569,
    0.889795918367347,
    0.8393771331058021,
    0.8790529010238908
  ],
  "mean": 0.9079943968486145,
  "std": 0.05026685775680217,
  "best_params": {
    "n_neighbors": 21,
    "weights": "uniform"
  }
}