{
  "scores": [
    0.9230769230769231,
    1.0,
    0.9983050847457627,
    1.0,
    0.9635593220338984
  ],
  "mean": 0.9769882659713168,
  "std": 0.03033234576035128,
  "best_params": {
    "n_neighbors": 14,
    "weights": "distance"
  }
}