{
  "scores": [
    0.6148989898989898,
    0.73989898989899,
    0.7015993265993267,
    0.7365319865319865,
    0.759095634095634
  ],
  "mean": 0.7104049854049854,
  "std": 0.051229348158046584,
  "best_params": {
    "n_neighbors": 3,
    "weights": "distance"
  }
}