{
  "scores": [
    0.9701178451178452,
    0.9643658810325477,
    0.9551066217732884,
    0.8667227833894502,
    0.9368503118503119
  ],
  "mean": 0.9386326886326886,
  "std": 0.03768053630772736,
  "best_params": {
    "n_neighbors": 23,
    "weights": "uniform"
  }
}