{
  "scores": [
    0.6999158249158249,
    0.6616161616161617,
    0.6965488215488216,
    0.7781986531986532,
    0.7658523908523907
  ],
  "mean": 0.7204263704263704,
  "std": 0.04438607994924999,
  "best_params": {
    "n_neighbors": 4,
    "weights": "distance"
  }
}