{
  "scores": [
    0.8112244897959182,
    0.888095238095238,
    0.5863945578231292,
    0.6755546075085325,
    0.5505546075085325
  ],
  "mean": 0.7023647001462701,
  "std": 0.12927524568435425,
  "best_params": {
    "n_neighbors": 4,
    "weights": "distance"
  }
}