{
  "scores": [
    0.9652076318742986,
    0.9663299663299663,
    0.9531425364758699,
    0.9304152637485972,
    0.9163201663201663
  ],
  "mean": 0.9462831129497797,
  "std": 0.01978197283934026,
  "best_params": {
    "n_neighbors": 21,
    "weights": "distance"
  }
}