{
  "scores": [
    0.7015993265993267,
    0.6548821548821548,
    0.6965488215488216,
    0.7365319865319865,
    0.759095634095634
  ],
  "mean": 0.7097315847315847,
  "std": 0.03578672862542563,
  "best_params": {
    "n_neighbors": 4,
    "weights": "distance"
  }
}