{
  "scores": [
    0.8180272108843537,
    0.7547619047619046,
    0.6197278911564625,
    0.6772610921501706,
    0.5539675767918089
  ],
  "mean": 0.6847491351489401,
  "std": 0.09386424489145283,
  "best_params": {
    "n_neighbors": 4,
    "weights": "distance"
  }
}