{
  "scores": [
    0.9654882154882154,
    0.9716610549943884,
    0.9534231200897867,
    0.8737373737373737,
    0.9254158004158004
  ],
  "mean": 0.9379451129451128,
  "std": 0.03581779836273238,
  "best_params": {
    "n_neighbors": 19,
    "weights": "distance"
  }
}