{
  "scores": [
    0.9598639455782312,
    0.9696145124716553,
    0.8834467120181406,
    0.8485494880546075,
    0.9034769624573379
  ],
  "mean": 0.9129903241159946,
  "std": 0.045868040102123,
  "best_params": {
    "n_neighbors": 23,
    "weights": "distance"
  }
}