{
  "scores": [
    0.8846153846153846,
    1.0,
    0.9983050847457627,
    0.8571428571428572,
    0.9642857142857143
  ],
  "mean": 0.9408698081579437,
  "std": 0.05919165099601555,
  "best_params": {
    "n_neighbors": 9,
    "weights": "distance"
  }
}