{
  "scores": [
    0.9663299663299664,
    0.9691358024691358,
    0.9562289562289562,
    0.9312570145903479,
    0.9215176715176715
  ],
  "mean": 0.9488938822272155,
  "std": 0.019121044361557316,
  "best_params": {
    "n_neighbors": 20,
    "weights": "distance"
  }
}