{
  "scores": [
    0.6599326599326598,
    0.73989898989899,
    0.7015993265993267,
    0.7365319865319865,
    0.759095634095634
  ],
  "mean": 0.7194117194117193,
  "std": 0.03505049140067678,
  "best_params": {
    "n_neighbors": 3,
    "weights": "uniform"
  }
}