{
  "scores": [
    0.9605442176870749,
    0.9725623582766441,
    0.8839002267573697,
    0.8286049488054608,
    0.87990614334471
  ],
  "mean": 0.9051035789742519,
  "std": 0.05396458959557494,
  "best_params": {
    "n_neighbors": 21,
    "weights": "distance"
  }
}