{
  "scores": [
    0.9643658810325476,
    0.9767115600448933,
    0.9584736251402918,
    0.9299943883277215,
    0.9235966735966736
  ],
  "mean": 0.9506284256284255,
  "std": 0.020430731022563653,
  "best_params": {
    "n_neighbors": 20,
    "weights": "distance"
  }
}