{
  "scores": [
    0.9230769230769231,
    1.0,
    0.9983050847457627,
    1.0,
    0.9642857142857143
  ],
  "mean": 0.9771335444216801,
  "std": 0.030269353318291677,
  "best_params": {
    "n_neighbors": 8,
    "weights": "distance"
  }
}