{
  "scores": [
    0.9984407484407484,
    1.0,
    0.9980629539951573,
    0.999273607748184,
    0.9634382566585957
  ],
  "mean": 0.991843113368537,
  "std": 0.01421828496636237,
  "best_params": {
    "n_neighbors": 30,
    "weights": "distance"
  }
}