{
  "scores": [
    0.48484848484848486,
    0.6982323232323233,
    0.6948653198653199,
    0.6881313131313131,
    0.7071205821205823
  ],
  "mean": 0.6546396046396047,
  "std": 0.08511569206051155,
  "best_params": {
    "n_neighbors": 3,
    "weights": "distance"
  }
}