{
  "scores": [
    0.5298821548821548,
    0.5732323232323233,
    0.6548821548821548,
    0.7765151515151516,
    0.6754158004158004
  ],
  "mean": 0.641985516985517,
  "std": 0.08564612674497879,
  "best_params": {
    "n_neighbors": 4,
    "weights": "distance"
  }
}