{
  "scores": [
    0.7043083900226756,
    0.9401360544217687,
    0.6834467120181406,
    0.6196672354948806,
    0.8675341296928327
  ],
  "mean": 0.7630185043300596,
  "std": 0.12051744805283067,
  "best_params": {
    "n_neighbors": 25,
    "weights": "distance"
  }
}