{
  "scores": [
    0.8846153846153846,
    1.0,
    0.9983050847457627,
    0.9642857142857143,
    0.9642857142857143
  ],
  "mean": 0.9622983795865151,
  "std": 0.04185795433206325,
  "best_params": {
    "n_neighbors": 3,
    "weights": "uniform"
  }
}