{
  "scores": [
    0.9597193347193347,
    1.0,
    0.9983050847457627,
    1.0,
    0.964043583535109
  ],
  "mean": 0.9844136006000413,
  "std": 0.018458544833727063,
  "best_params": {
    "n_neighbors": 8,
    "weights": "distance"
  }
}