{
  "scores": [
    0.6132154882154882,
    0.7449494949494949,
    0.6965488215488216,
    0.7765151515151516,
    0.6855509355509356
  ],
  "mean": 0.7033559783559783,
  "std": 0.05580492834114825,
  "best_params": {
    "n_neighbors": 4,
    "weights": "distance"
  }
}