{
  "scores": [
    0.6812925170068027,
    0.6197278911564625,
    0.6248299319727891,
    0.5835110921501707,
    0.6806740614334471
  ],
  "mean": 0.6380070987439345,
  "std": 0.037872626072528226,
  "best_params": {
    "n_neighbors": 4,
    "weights": "distance"
  }
}